Date,Actual,Forecast,Benchmark
1939-02-01,NaN,NaN,NaN
1939-03-01,NaN,NaN,NaN
1939-04-01,NaN,NaN,NaN
1939-05-01,NaN,NaN,NaN
1939-06-01,NaN,NaN,NaN
1939-07-01,NaN,NaN,NaN
1939-08-01,NaN,NaN,NaN
1939-09-01,NaN,NaN,NaN
1939-10-01,NaN,NaN,NaN
1939-11-01,NaN,NaN,NaN
1939-12-01,NaN,NaN,NaN
1940-01-01,NaN,NaN,NaN
1940-02-01,NaN,NaN,NaN
1940-03-01,NaN,NaN,NaN
1940-04-01,NaN,NaN,NaN
1940-05-01,NaN,NaN,NaN
1940-06-01,NaN,NaN,NaN
1940-07-01,NaN,NaN,NaN
1940-08-01,NaN,NaN,NaN
1940-09-01,NaN,NaN,NaN
1940-10-01,NaN,NaN,NaN
1940-11-01,NaN,NaN,NaN
1940-12-01,NaN,NaN,NaN
1941-01-01,NaN,NaN,NaN
1941-02-01,NaN,NaN,NaN
1941-03-01,NaN,NaN,NaN
1941-04-01,NaN,NaN,NaN
1941-05-01,NaN,NaN,NaN
1941-06-01,NaN,NaN,NaN
1941-07-01,NaN,NaN,NaN
1941-08-01,NaN,NaN,NaN
1941-09-01,NaN,NaN,NaN
1941-10-01,NaN,NaN,NaN
1941-11-01,NaN,NaN,NaN
1941-12-01,NaN,NaN,NaN
1942-01-01,NaN,NaN,NaN
1942-02-01,NaN,NaN,NaN
1942-03-01,NaN,NaN,NaN
1942-04-01,NaN,NaN,NaN
1942-05-01,NaN,NaN,NaN
1942-06-01,NaN,NaN,NaN
1942-07-01,NaN,NaN,NaN
1942-08-01,NaN,NaN,NaN
1942-09-01,NaN,NaN,NaN
1942-10-01,NaN,NaN,NaN
1942-11-01,NaN,NaN,NaN
1942-12-01,NaN,NaN,NaN
1943-01-01,NaN,NaN,NaN
1943-02-01,NaN,NaN,NaN
1943-03-01,NaN,NaN,NaN
1943-04-01,NaN,NaN,NaN
1943-05-01,NaN,NaN,NaN
1943-06-01,NaN,NaN,NaN
1943-07-01,NaN,NaN,NaN
1943-08-01,NaN,NaN,NaN
1943-09-01,NaN,NaN,NaN
1943-10-01,NaN,NaN,NaN
1943-11-01,NaN,NaN,NaN
1943-12-01,NaN,NaN,NaN
1944-01-01,NaN,NaN,NaN
1944-02-01,NaN,NaN,NaN
1944-03-01,NaN,NaN,NaN
1944-04-01,NaN,NaN,NaN
1944-05-01,NaN,NaN,NaN
1944-06-01,NaN,NaN,NaN
1944-07-01,NaN,NaN,NaN
1944-08-01,NaN,NaN,NaN
1944-09-01,NaN,NaN,NaN
1944-10-01,NaN,NaN,NaN
1944-11-01,NaN,NaN,NaN
1944-12-01,NaN,NaN,NaN
1945-01-01,NaN,NaN,NaN
1945-02-01,NaN,NaN,NaN
1945-03-01,NaN,NaN,NaN
1945-04-01,NaN,NaN,NaN
1945-05-01,NaN,NaN,NaN
1945-06-01,NaN,NaN,NaN
1945-07-01,NaN,NaN,NaN
1945-08-01,NaN,NaN,NaN
1945-09-01,NaN,NaN,NaN
1945-10-01,NaN,NaN,NaN
1945-11-01,NaN,NaN,NaN
1945-12-01,NaN,NaN,NaN
1946-01-01,NaN,NaN,NaN
1946-02-01,NaN,NaN,NaN
1946-03-01,NaN,NaN,NaN
1946-04-01,NaN,NaN,NaN
1946-05-01,NaN,NaN,NaN
1946-06-01,NaN,NaN,NaN
1946-07-01,NaN,NaN,NaN
1946-08-01,NaN,NaN,NaN
1946-09-01,NaN,NaN,NaN
1946-10-01,NaN,NaN,NaN
1946-11-01,NaN,NaN,NaN
1946-12-01,NaN,NaN,NaN
1947-01-01,NaN,NaN,NaN
1947-02-01,0.00651769087523291,NaN,NaN
1947-03-01,0.0175763182238668,NaN,NaN
1947-04-01,0,NaN,NaN
1947-05-01,-0.00227272727272732,NaN,NaN
1947-06-01,0.00592255125284735,NaN,NaN
1947-07-01,0.00679347826086962,NaN,NaN
1947-08-01,0.00764732343679708,NaN,NaN
1947-09-01,0.0196428571428573,NaN,NaN
1947-10-01,0.00306479859894915,NaN,NaN
1947-11-01,0.00654735923177641,NaN,NaN
1947-12-01,0.0151777970511708,NaN,NaN
1948-01-01,0.0115335326783426,NaN,NaN
1948-02-01,-0.000422297297297258,NaN,NaN
1948-03-01,-0.0071820870299959,NaN,NaN
1948-04-01,0.0136170212765958,NaN,NaN
1948-05-01,0.00797649034424852,NaN,NaN
1948-06-01,0.00583090379008744,NaN,NaN
1948-07-01,0.010351966873706,NaN,NaN
1948-08-01,0.0012295081967213,NaN,NaN
1948-09-01,-0.00286532951289398,NaN,NaN
1948-10-01,-0.00205254515599351,NaN,NaN
1948-11-01,-0.00617030028794729,NaN,NaN
1948-12-01,-0.00455298013245031,NaN,NaN
1949-01-01,-0.00166320166320166,NaN,NaN
1949-02-01,-0.00416493127863393,NaN,NaN
1949-03-01,0,NaN,NaN
1949-04-01,0.000418235048097015,NaN,NaN
1949-05-01,-0.000418060200668924,NaN,NaN
1949-06-01,0.000418235048097015,NaN,NaN
1949-07-01,-0.00919732441471577,NaN,NaN
1949-08-01,0,NaN,NaN
1949-09-01,0.0021097046413503,NaN,NaN
1949-10-01,-0.00336842105263147,NaN,NaN
1949-11-01,0.00126742712294026,NaN,NaN
1949-12-01,-0.0037974683544304,NaN,NaN
1950-01-01,-0.00423549343498508,NaN,NaN
1950-02-01,0.00425350914504463,NaN,NaN
1950-03-01,0.00127064803049559,NaN,NaN
1950-04-01,0.000423011844331578,NaN,NaN
1950-05-01,0.00507399577167034,NaN,NaN
1950-06-01,0.00462768195204033,NaN,NaN
1950-07-01,0.00795644891122294,NaN,NaN
1950-08-01,0.00540091400083087,NaN,NaN
1950-09-01,0.0057851239669422,NaN,NaN
1950-10-01,0.00657354149548062,NaN,NaN
1950-11-01,0.00408163265306127,NaN,NaN
1950-12-01,0.0154471544715447,NaN,NaN
1951-01-01,0.0160128102481985,NaN,NaN
1951-02-01,0.0177304964539007,NaN,NaN
1951-03-01,0.00193573364305077,NaN,NaN
1951-04-01,0.00154559505409591,NaN,NaN
1951-05-01,0.00270061728395055,NaN,NaN
1951-06-01,-0.00230858022316272,NaN,NaN
1951-07-01,-0.000771307365985296,NaN,NaN
1951-08-01,-0.0019297568506369,NaN,NaN
1951-09-01,0.00657385924207277,NaN,NaN
1951-10-01,0.00499423741836336,NaN,NaN
1951-11-01,0.00611620795107037,NaN,NaN
1951-12-01,0.0056990881458967,NaN,NaN
1952-01-01,-0.000755572346052169,NaN,NaN
1952-02-01,-0.00151228733459352,NaN,NaN
1952-03-01,-0.000757288905717468,NaN,NaN
1952-04-01,0.00265251989389914,NaN,NaN
1952-05-01,0.000377928949357509,NaN,NaN
1952-06-01,0.00226671703815651,NaN,NaN
1952-07-01,0.00565397663022993,NaN,NaN
1952-08-01,0.000374812593703311,NaN,NaN
1952-09-01,-0.00224803297115028,NaN,NaN
1952-10-01,0.00225309800976348,NaN,NaN
1952-11-01,0,NaN,NaN
1952-12-01,0.000749344323716761,NaN,NaN
1953-01-01,-0.00262074129539502,NaN,NaN
1953-02-01,-0.00187687687687688,NaN,NaN
1953-03-01,0.00150432493418573,NaN,NaN
1953-04-01,0.00225309800976348,NaN,NaN
1953-05-01,0.000374672161858269,NaN,NaN
1953-06-01,0.00262172284644202,NaN,NaN
1953-07-01,0.000747104968247925,NaN,NaN
1953-08-01,0.00223964165733492,NaN,NaN
1953-09-01,0.00148975791433892,NaN,NaN
1953-10-01,0.00223131275567123,NaN,NaN
1953-11-01,-0.00371057513914652,NaN,NaN
1953-12-01,0.000744878957169348,NaN,NaN
1954-01-01,0.00260513583922584,NaN,NaN
1954-02-01,0.00185597624350398,NaN,NaN
1954-03-01,-0.00222304557243413,NaN,NaN
1954-04-01,-0.00259933160044556,NaN,NaN
1954-05-01,0.00260610573343256,NaN,NaN
1954-06-01,0.00037133308577797,NaN,NaN
1954-07-01,-0.00296956198960663,NaN,NaN
1954-08-01,-0.000372300819061699,NaN,NaN
1954-09-01,-0.00148975791433903,NaN,NaN
1954-10-01,-0.00335695635956734,NaN,NaN
1954-11-01,0.0022455089820359,NaN,NaN
1954-12-01,-0.000373412994772226,NaN,NaN
1955-01-01,0,NaN,NaN
1955-02-01,0.00186776242062003,NaN,NaN
1955-03-01,-0.00111856823266221,NaN,NaN
1955-04-01,0,NaN,NaN
1955-05-01,-0.000746547219111604,NaN,NaN
1955-06-01,-0.00224131490474411,NaN,NaN
1955-07-01,0.00187195806813922,NaN,NaN
1955-08-01,-0.00149476831091189,NaN,NaN
1955-09-01,0.00486526946107801,NaN,NaN
1955-10-01,-0.00111731843575424,NaN,NaN
1955-11-01,0.00223713646532442,NaN,NaN
1955-12-01,-0.000372023809523725,NaN,NaN
1956-01-01,-0.00148864905098633,NaN,NaN
1956-02-01,0.00111815132314574,NaN,NaN
1956-03-01,0.00111690245718554,NaN,NaN
1956-04-01,0.00148754183711408,NaN,NaN
1956-05-01,0.00371333085777947,NaN,NaN
1956-06-01,0.00443951165371792,NaN,NaN
1956-07-01,0.00515653775322278,NaN,NaN
1956-08-01,0.000732869182850759,NaN,NaN
1956-09-01,0.00146466495789088,NaN,NaN
1956-10-01,0.00585009140767823,NaN,NaN
1956-11-01,0,NaN,NaN
1956-12-01,0.00436205016357682,NaN,NaN
1957-01-01,0.00144770177343467,NaN,NaN
1957-02-01,0.00469822912902051,NaN,NaN
1957-03-01,0.00215827338129482,NaN,NaN
1957-04-01,0.00251256281407031,NaN,NaN
1957-05-01,0.00250626566416035,NaN,NaN
1957-06-01,0.0039285714285715,NaN,NaN
1957-07-01,0.00284596229099976,NaN,NaN
1957-08-01,0.00319262149698485,NaN,NaN
1957-09-01,0.00141442715700135,NaN,NaN
1957-10-01,0,NaN,NaN
1957-11-01,0.00317796610169485,NaN,NaN
1957-12-01,0.00211193241816265,NaN,NaN
1958-01-01,0.00597119775201982,NaN,NaN
1958-02-01,0.00209497206703912,NaN,NaN
1958-03-01,0.00592334494773517,NaN,NaN
1958-04-01,0.00242466227918259,NaN,NaN
1958-05-01,0,NaN,NaN
1958-06-01,-0.00103662750518319,NaN,NaN
1958-07-01,-0.00069180214458664,NaN,NaN
1958-08-01,0.00173070266528219,NaN,NaN
1958-09-01,-0.00103662750518319,NaN,NaN
1958-10-01,0,NaN,NaN
1958-11-01,0.00138360428917328,NaN,NaN
1958-12-01,0.000690846286701241,NaN,NaN
1959-01-01,0.00138073869520206,NaN,NaN
1959-02-01,-0.000344708721130682,NaN,NaN
1959-03-01,-0.00103448275862073,NaN,NaN
1959-04-01,0.000345184673800514,NaN,NaN
1959-05-01,0.00207039337474124,NaN,NaN
1959-06-01,0.00241046831955916,NaN,NaN
1959-07-01,0.00137409824802481,NaN,NaN
1959-08-01,0.0010291595197256,NaN,NaN
1959-09-01,0.00239890335846482,NaN,NaN
1959-10-01,0.00341880341880341,NaN,NaN
1959-11-01,0,NaN,NaN
1959-12-01,0.00204429301533215,NaN,NaN
1960-01-01,-0.00136008160489631,NaN,NaN
1960-02-01,0.00136193394620365,NaN,NaN
1960-03-01,0,NaN,NaN
1960-04-01,0.00442026521591288,NaN,NaN
1960-05-01,0.00101557210561953,NaN,NaN
1960-06-01,0.00135272235373685,NaN,NaN
1960-07-01,-0.00202634245187427,NaN,NaN
1960-08-01,0.0020304568527918,NaN,NaN
1960-09-01,0,NaN,NaN
1960-10-01,0.00472813238770686,NaN,NaN
1960-11-01,0.00100840336134467,NaN,NaN
1960-12-01,0.00100738750839491,NaN,NaN
1961-01-01,0.0010063737001007,NaN,NaN
1961-02-01,0,NaN,NaN
1961-03-01,0,NaN,NaN
1961-04-01,-0.00100536193029499,NaN,NaN
1961-05-01,0.0010063737001007,NaN,NaN
1961-06-01,0,NaN,NaN
1961-07-01,0.00268096514745308,NaN,NaN
1961-08-01,0.000668449197861021,NaN,NaN
1961-09-01,0.00133600534402145,NaN,NaN
1961-10-01,0,NaN,NaN
1961-11-01,0,NaN,NaN
1961-12-01,0.00100066711140756,NaN,NaN
1962-01-01,0.000999666777740771,NaN,NaN
1962-02-01,0.00233022636484681,NaN,NaN
1962-03-01,0.00199269345732311,NaN,NaN
1962-04-01,0.00132582035134243,NaN,NaN
1962-05-01,0.000993048659384321,NaN,NaN
1962-06-01,-0.000992063492063378,NaN,NaN
1962-07-01,0.0003310162197947,NaN,NaN
1962-08-01,0.0019854401058903,NaN,NaN
1962-09-01,0.00462351387054172,NaN,NaN
1962-10-01,-0.00131492439184755,NaN,NaN
1962-11-01,0,NaN,NaN
1962-12-01,0,NaN,NaN
1963-01-01,0.00197498354180392,NaN,NaN
1963-02-01,0.00131406044678051,NaN,NaN
1963-03-01,0.000984251968503935,NaN,NaN
1963-04-01,-0.000983284169124965,NaN,NaN
1963-05-01,0.000984251968503935,NaN,NaN
1963-06-01,0.00327761389708292,NaN,NaN
1963-07-01,0.00261352499183287,NaN,NaN
1963-08-01,0.00195503421309873,NaN,NaN
1963-09-01,-0.000975609756097562,NaN,NaN
1963-10-01,0.0009765625,NaN,NaN
1963-11-01,0.000975609756097562,NaN,NaN
1963-12-01,0.00324886289798565,NaN,NaN
1964-01-01,0.00194300518134716,NaN,NaN
1964-02-01,-0.000969618616677437,NaN,NaN
1964-03-01,0.000970559689420947,NaN,NaN
1964-04-01,0.000323206205559146,NaN,NaN
1964-05-01,0.000969305331179449,NaN,NaN
1964-06-01,0.000968366688185895,NaN,NaN
1964-07-01,0.000322476620445045,NaN,NaN
1964-08-01,0.00096711798839455,NaN,NaN
1964-09-01,0.000966183574879098,NaN,NaN
1964-10-01,0.00128700128700143,NaN,NaN
1964-11-01,0.00289203084832912,NaN,NaN
1964-12-01,0.0012816404998397,NaN,NaN
1965-01-01,0.000960000000000072,NaN,NaN
1965-02-01,0,NaN,NaN
1965-03-01,0.000959079283887387,NaN,NaN
1965-04-01,0.00223570744171186,NaN,NaN
1965-05-01,0.0031867431485022,NaN,NaN
1965-06-01,0.00412960609911051,NaN,NaN
1965-07-01,-0.000949066751028238,NaN,NaN
1965-08-01,-0.000949968334388762,NaN,NaN
1965-09-01,0.00221870047543593,NaN,NaN
1965-10-01,0.000948766603415585,NaN,NaN
1965-11-01,0.00315955766192744,NaN,NaN
1965-12-01,0.00314960629921268,NaN,NaN
1966-01-01,0.000941915227629542,NaN,NaN
1966-02-01,0.00627352572145545,NaN,NaN
1966-03-01,0.00311720698254359,NaN,NaN
1966-04-01,0.00310752019888128,NaN,NaN
1966-05-01,0.00216852540272616,NaN,NaN
1966-06-01,0.000927357032457499,NaN,NaN
1966-07-01,0.00216182828906741,NaN,NaN
1966-08-01,0.00616332819722643,NaN,NaN
1966-09-01,0.00306278713629404,NaN,NaN
1966-10-01,0.00305343511450396,NaN,NaN
1966-11-01,0.000913242009132453,NaN,NaN
1966-12-01,0.0012165450121655,NaN,NaN
1967-01-01,-0.000607533414337835,NaN,NaN
1967-02-01,0.00303951367781163,NaN,NaN
1967-03-01,0,NaN,NaN
1967-04-01,0.00303030303030316,NaN,NaN
1967-05-01,0,NaN,NaN
1967-06-01,0.0060422960725075,NaN,NaN
1967-07-01,0.00300300300300305,NaN,NaN
1967-08-01,0.00299401197604787,NaN,NaN
1967-09-01,0.00298507462686581,NaN,NaN
1967-10-01,0.00297619047619047,NaN,NaN
1967-11-01,0.00593471810089019,NaN,NaN
1967-12-01,0.00294985250737478,NaN,NaN
1968-01-01,0.00294117647058822,NaN,NaN
1968-02-01,0.00293255131964809,NaN,NaN
1968-03-01,0.002923976608187,NaN,NaN
1968-04-01,0.00291545189504383,NaN,NaN
1968-05-01,0.00290697674418605,NaN,NaN
1968-06-01,0.00579710144927548,NaN,NaN
1968-07-01,0.0057636887608068,NaN,NaN
1968-08-01,0.00286532951289398,NaN,NaN
1968-09-01,0.00285714285714289,NaN,NaN
1968-10-01,0.0056980056980056,NaN,NaN
1968-11-01,0.00283286118980164,NaN,NaN
1968-12-01,0.00564971751412435,NaN,NaN
1969-01-01,0.00280898876404501,NaN,NaN
1969-02-01,0.00280112044817904,NaN,NaN
1969-03-01,0.0083798882681565,NaN,NaN
1969-04-01,0.0055401662049861,NaN,NaN
1969-05-01,0.00275482093663926,NaN,NaN
1969-06-01,0.00549450549450547,NaN,NaN
1969-07-01,0.00546448087431672,NaN,NaN
1969-08-01,0.00271739130434789,NaN,NaN
1969-09-01,0.00542005420054203,NaN,NaN
1969-10-01,0.0053908355795147,NaN,NaN
1969-11-01,0.00536193029490617,NaN,NaN
1969-12-01,0.00533333333333341,NaN,NaN
1970-01-01,0.00530503978779828,NaN,NaN
1970-02-01,0.00527704485488134,NaN,NaN
1970-03-01,0.00524934383202091,NaN,NaN
1970-04-01,0.00522193211488253,NaN,NaN
1970-05-01,0.00259740259740271,NaN,NaN
1970-06-01,0.00518134715025886,NaN,NaN
1970-07-01,0.00257731958762886,NaN,NaN
1970-08-01,0.00257069408740374,NaN,NaN
1970-09-01,0.00512820512820511,NaN,NaN
1970-10-01,0.00510204081632648,NaN,NaN
1970-11-01,0.00507614213197982,NaN,NaN
1970-12-01,0.00505050505050497,NaN,NaN
1971-01-01,0.00251256281407031,NaN,NaN
1971-02-01,0,NaN,NaN
1971-03-01,0.00250626566416035,NaN,NaN
1971-04-01,0.00249999999999995,NaN,NaN
1971-05-01,0.00498753117206974,NaN,NaN
1971-06-01,0.00496277915632759,NaN,NaN
1971-07-01,0.0024691358024691,NaN,NaN
1971-08-01,0.00246305418719217,NaN,NaN
1971-09-01,0.00245700245700231,NaN,NaN
1971-10-01,0.00245098039215685,NaN,NaN
1971-11-01,0.00244498777506119,NaN,NaN
1971-12-01,0.0024390243902439,NaN,NaN
1972-01-01,0.00243309002433101,NaN,NaN
1972-02-01,0.00485436893203883,NaN,NaN
1972-03-01,0,NaN,NaN
1972-04-01,0.00241545893719808,NaN,NaN
1972-05-01,0.00240963855421694,NaN,NaN
1972-06-01,0.00240384615384626,NaN,NaN
1972-07-01,0.00239808153477195,NaN,NaN
1972-08-01,0.00239234449760772,NaN,NaN
1972-09-01,0.00477326968973757,NaN,NaN
1972-10-01,0.00237529691211402,NaN,NaN
1972-11-01,0.00473933649289093,NaN,NaN
1972-12-01,0.00235849056603787,NaN,NaN
1973-01-01,0.00470588235294134,NaN,NaN
1973-02-01,0.00702576112412179,NaN,NaN
1973-03-01,0.00930232558139532,NaN,NaN
1973-04-01,0.00691244239631339,NaN,NaN
1973-05-01,0.00457665903890159,NaN,NaN
1973-06-01,0.00683371298405477,NaN,NaN
1973-07-01,0,NaN,NaN
1973-08-01,0.0180995475113122,NaN,NaN
1973-09-01,0.00444444444444447,NaN,NaN
1973-10-01,0.00884955752212391,NaN,NaN
1973-11-01,0.00657894736842102,NaN,NaN
1973-12-01,0.00871459694989096,NaN,NaN
1974-01-01,0.0107991360691144,NaN,NaN
1974-02-01,0.0106837606837606,NaN,NaN
1974-03-01,0.0105708245243128,NaN,NaN
1974-04-01,0.00627615062761522,NaN,NaN
1974-05-01,0.0103950103950103,NaN,NaN
1974-06-01,0.00823045267489708,NaN,NaN
1974-07-01,0.00612244897959169,NaN,NaN
1974-08-01,0.0121703853955375,NaN,NaN
1974-09-01,0.0140280561122246,NaN,NaN
1974-10-01,0.0079051383399209,NaN,NaN
1974-11-01,0.00980392156862742,NaN,NaN
1974-12-01,0.00776699029126204,NaN,NaN
1975-01-01,0.0077071290944124,NaN,NaN
1975-02-01,0.00573613766730419,NaN,NaN
1975-03-01,0.00380228136882121,NaN,NaN
1975-04-01,0.0037878787878789,NaN,NaN
1975-05-01,0.0018867924528303,NaN,NaN
1975-06-01,0.00753295668549914,NaN,NaN
1975-07-01,0.00934579439252325,NaN,NaN
1975-08-01,0.00370370370370376,NaN,NaN
1975-09-01,0.00738007380073791,NaN,NaN
1975-10-01,0.00549450549450547,NaN,NaN
1975-11-01,0.00728597449908919,NaN,NaN
1975-12-01,0.00542495479204352,NaN,NaN
1976-01-01,0.00359712230215825,NaN,NaN
1976-02-01,0.00179211469534057,NaN,NaN
1976-03-01,0.00178890876565307,NaN,NaN
1976-04-01,0.00178571428571428,NaN,NaN
1976-05-01,0.00534759358288772,NaN,NaN
1976-06-01,0.00531914893617036,NaN,NaN
1976-07-01,0.00529100529100535,NaN,NaN
1976-08-01,0.00526315789473686,NaN,NaN
1976-09-01,0.00523560209424101,NaN,NaN
1976-10-01,0.00520833333333326,NaN,NaN
1976-11-01,0.00345423143350598,NaN,NaN
1976-12-01,0.00516351118760761,NaN,NaN
1977-01-01,0.00513698630136994,NaN,NaN
1977-02-01,0.010221465076661,NaN,NaN
1977-03-01,0.00505902192242846,NaN,NaN
1977-04-01,0.00671140939597303,NaN,NaN
1977-05-01,0.00333333333333341,NaN,NaN
1977-06-01,0.00498338870431891,NaN,NaN
1977-07-01,0.00495867768595026,NaN,NaN
1977-08-01,0.00493421052631593,NaN,NaN
1977-09-01,0.00327332242225853,NaN,NaN
1977-10-01,0.00489396411093002,NaN,NaN
1977-11-01,0.00649350649350655,NaN,NaN
1977-12-01,0.00483870967741939,NaN,NaN
1978-01-01,0.00642054574638862,NaN,NaN
1978-02-01,0.00478468899521522,NaN,NaN
1978-03-01,0.00634920634920633,NaN,NaN
1978-04-01,0.00788643533123023,NaN,NaN
1978-05-01,0.00938967136150226,NaN,NaN
1978-06-01,0.00775193798449614,NaN,NaN
1978-07-01,0.00769230769230766,NaN,NaN
1978-08-01,0.00610687022900769,NaN,NaN
1978-09-01,0.00910470409711683,NaN,NaN
1978-10-01,0.00902255639097738,NaN,NaN
1978-11-01,0.00596125186289131,NaN,NaN
1978-12-01,0.00592592592592611,NaN,NaN
1979-01-01,0.00883652430044179,NaN,NaN
1979-02-01,0.0102189781021897,NaN,NaN
1979-03-01,0.0101156069364163,NaN,NaN
1979-04-01,0.0100143061516451,NaN,NaN
1979-05-01,0.011331444759207,NaN,NaN
1979-06-01,0.011204481792717,NaN,NaN
1979-07-01,0.0110803324099722,NaN,NaN
1979-08-01,0.00958904109589054,NaN,NaN
1979-09-01,0.00949796472184539,NaN,NaN
1979-10-01,0.010752688172043,NaN,NaN
1979-11-01,0.0106382978723405,NaN,NaN
1979-12-01,0.0118421052631579,NaN,NaN
1980-01-01,0.0143042912873861,NaN,NaN
1980-02-01,0.0128205128205128,NaN,NaN
1980-03-01,0.0139240506329112,NaN,NaN
1980-04-01,0.00998751560549338,NaN,NaN
1980-05-01,0.00988875154511737,NaN,NaN
1980-06-01,0.00979192166462672,NaN,NaN
1980-07-01,0.00121212121212122,NaN,NaN
1980-08-01,0.00726392251815988,NaN,NaN
1980-09-01,0.00841346153846168,NaN,NaN
1980-10-01,0.00953516090584028,NaN,NaN
1980-11-01,0.0106257378984651,NaN,NaN
1980-12-01,0.00934579439252348,NaN,NaN
1981-01-01,0.0092592592592593,NaN,NaN
1981-02-01,0.00917431192660545,NaN,NaN
1981-03-01,0.00681818181818183,NaN,NaN
1981-04-01,0.00564334085778784,NaN,NaN
1981-05-01,0.00673400673400693,NaN,NaN
1981-06-01,0.00891861761426971,NaN,NaN
1981-07-01,0.011049723756906,NaN,NaN
1981-08-01,0.00765027322404377,NaN,NaN
1981-09-01,0.00976138828633388,NaN,NaN
1981-10-01,0.00322234156820644,NaN,NaN
1981-11-01,0.00428265524625249,NaN,NaN
1981-12-01,0.00319829424307039,NaN,NaN
1982-01-01,0.00318809776833162,NaN,NaN
1982-02-01,0.00317796610169485,NaN,NaN
1982-03-01,0,NaN,NaN
1982-04-01,0.00316789862724387,NaN,NaN
1982-05-01,0.0094736842105263,NaN,NaN
1982-06-01,0.0114702815432741,NaN,NaN
1982-07-01,0.00515463917525771,NaN,NaN
1982-08-01,0.00205128205128213,NaN,NaN
1982-09-01,0,NaN,NaN
1982-10-01,0.00409416581371547,NaN,NaN
1982-11-01,-0.00101936799184499,NaN,NaN
1982-12-01,-0.00306122448979584,NaN,NaN
1983-01-01,0.00204708290685773,NaN,NaN
1983-02-01,0.00102145045965263,NaN,NaN
1983-03-01,0.00102040816326521,NaN,NaN
1983-04-01,0.00713557594291547,NaN,NaN
1983-05-01,0.00404858299595157,NaN,NaN
1983-06-01,0.00201612903225801,NaN,NaN
1983-07-01,0.0040241448692151,NaN,NaN
1983-08-01,0.00300601202404804,NaN,NaN
1983-09-01,0.00299700299700301,NaN,NaN
1983-10-01,0.00398406374501992,NaN,NaN
1983-11-01,0.00297619047619047,NaN,NaN
1983-12-01,0.00296735905044532,NaN,NaN
1984-01-01,0.00690335305719914,NaN,NaN
1984-02-01,0.00489715964740456,NaN,NaN
1984-03-01,0.00292397660818722,NaN,NaN
1984-04-01,0.00388726919339155,NaN,NaN
1984-05-01,0.0019361084220717,NaN,NaN
1984-06-01,0.00193236714975842,NaN,NaN
1984-07-01,0.00385728061716484,NaN,NaN
1984-08-01,0.00288184438040351,NaN,NaN
1984-09-01,0.00287356321839072,NaN,NaN
1984-10-01,0.00382043935052523,NaN,NaN
1984-11-01,0.00190294957183634,NaN,NaN
1984-12-01,0.00189933523266861,NaN,NaN
1985-01-01,0.00189573459715642,NaN,NaN
1985-02-01,0.00567644276253532,NaN,NaN
1985-03-01,0.00470366886171214,NaN,NaN
1985-04-01,0.00187265917603008,NaN,NaN
1985-05-01,0.0018691588785047,NaN,NaN
1985-06-01,0.00279850746268662,NaN,NaN
1985-07-01,0.00186046511627902,NaN,NaN
1985-08-01,0.00185701021355622,NaN,NaN
1985-09-01,0.00185356811862825,NaN,NaN
1985-10-01,0.00370027752081414,NaN,NaN
1985-11-01,0.00460829493087567,NaN,NaN
1985-12-01,0.00458715596330284,NaN,NaN
1986-01-01,0.00365296803652981,NaN,NaN
1986-02-01,-0.00181983621474069,NaN,NaN
1986-03-01,-0.00546946216955335,NaN,NaN
1986-04-01,-0.00366636113657193,NaN,NaN
1986-05-01,0.00275988960441587,NaN,NaN
1986-06-01,0.00366972477064231,NaN,NaN
1986-07-01,0.000914076782449591,NaN,NaN
1986-08-01,0.000913242009132453,NaN,NaN
1986-09-01,0.00364963503649651,NaN,NaN
1986-10-01,0.00181818181818194,NaN,NaN
1986-11-01,0.001814882032668,NaN,NaN
1986-12-01,0.00362318840579712,NaN,NaN
1987-01-01,0.00541516245487372,NaN,NaN
1987-02-01,0.00359066427289045,NaN,NaN
1987-03-01,0.00357781753130593,NaN,NaN
1987-04-01,0.00445632798573969,NaN,NaN
1987-05-01,0.0026619343389529,NaN,NaN
1987-06-01,0.00442477876106184,NaN,NaN
1987-07-01,0.00264317180616747,NaN,NaN
1987-08-01,0.00439367311072059,NaN,NaN
1987-09-01,0.00349956255468076,NaN,NaN
1987-10-01,0.0026155187445509,NaN,NaN
1987-11-01,0.00347826086956537,NaN,NaN
1987-12-01,0.00173310225303291,NaN,NaN
1988-01-01,0.0034602076124568,NaN,NaN
1988-02-01,0.00172413793103443,NaN,NaN
1988-03-01,0.00258175559380369,NaN,NaN
1988-04-01,0.00600858369098711,NaN,NaN
1988-05-01,0.00255972696245732,NaN,NaN
1988-06-01,0.00425531914893607,NaN,NaN
1988-07-01,0.00423728813559321,NaN,NaN
1988-08-01,0.00421940928270037,NaN,NaN
1988-09-01,0.00420168067226889,NaN,NaN
1988-10-01,0.00334728033472809,NaN,NaN
1988-11-01,0.00333611342785645,NaN,NaN
1988-12-01,0.00332502078137997,NaN,NaN
1989-01-01,0.00414250207125111,NaN,NaN
1989-02-01,0.00330033003300323,NaN,NaN
1989-03-01,0.00493421052631593,NaN,NaN
1989-04-01,0.00736497545008175,NaN,NaN
1989-05-01,0.00487408610885476,NaN,NaN
1989-06-01,0.00323362974939356,NaN,NaN
1989-07-01,0.00322320709105561,NaN,NaN
1989-08-01,0,NaN,NaN
1989-09-01,0.00240963855421694,NaN,NaN
1989-10-01,0.00480769230769229,NaN,NaN
1989-11-01,0.00398724082934598,NaN,NaN
1989-12-01,0.0031771247021446,NaN,NaN
1990-01-01,0.00950118764845609,NaN,NaN
1990-02-01,0.00392156862745097,NaN,NaN
1990-03-01,0.00468749999999996,NaN,NaN
1990-04-01,0.00233281493001569,NaN,NaN
1990-05-01,0.00155159038013952,NaN,NaN
1990-06-01,0.00619674670797843,NaN,NaN
1990-07-01,0.00461893764434174,NaN,NaN
1990-08-01,0.00842911877394625,NaN,NaN
1990-09-01,0.00683890577507595,NaN,NaN
1990-10-01,0.00679245283018881,NaN,NaN
1990-11-01,0.00224887556221876,NaN,NaN
1990-12-01,0.00373971578160059,NaN,NaN
1991-01-01,0.0037257824143071,NaN,NaN
1991-02-01,0.000742390497401768,NaN,NaN
1991-03-01,0,NaN,NaN
1991-04-01,0.00222551928783377,NaN,NaN
1991-05-01,0.00370096225018512,NaN,NaN
1991-06-01,0.00294985250737478,NaN,NaN
1991-07-01,0.00147058823529411,NaN,NaN
1991-08-01,0.00293685756240825,NaN,NaN
1991-09-01,0.00292825768667648,NaN,NaN
1991-10-01,0.00145985401459847,NaN,NaN
1991-11-01,0.00437317784256575,NaN,NaN
1991-12-01,0.00290275761973868,NaN,NaN
1992-01-01,0.000723589001447422,NaN,NaN
1992-02-01,0.00216919739696309,NaN,NaN
1992-03-01,0.00360750360750361,NaN,NaN
1992-04-01,0.00215672178289017,NaN,NaN
1992-05-01,0.00215208034433267,NaN,NaN
1992-06-01,0.00286327845382961,NaN,NaN
1992-07-01,0.00285510349750173,NaN,NaN
1992-08-01,0.00213523131672599,NaN,NaN
1992-09-01,0.00213068181818166,NaN,NaN
1992-10-01,0.00425230333097093,NaN,NaN
1992-11-01,0.00282286520818631,NaN,NaN
1992-12-01,0.00140745953553845,NaN,NaN
1993-01-01,0.00351370344342938,NaN,NaN
1993-02-01,0.00210084033613422,NaN,NaN
1993-03-01,0.00139762403913357,NaN,NaN
1993-04-01,0.00348918353105376,NaN,NaN
1993-05-01,0.00278164116828905,NaN,NaN
1993-06-01,0.00069348127600577,NaN,NaN
1993-07-01,0.0013860013860012,NaN,NaN
1993-08-01,0.00207612456747408,NaN,NaN
1993-09-01,0.00138121546961312,NaN,NaN
1993-10-01,0.00413793103448268,NaN,NaN
1993-11-01,0.00274725274725274,NaN,NaN
1993-12-01,0.00205479452054802,NaN,NaN
1994-01-01,0,NaN,NaN
1994-02-01,0.00273410799726581,NaN,NaN
1994-03-01,0.00272665303340158,NaN,NaN
1994-04-01,0.000679809653296948,NaN,NaN
1994-05-01,0.00203804347826098,NaN,NaN
1994-06-01,0.00271186440677962,NaN,NaN
1994-07-01,0.00338066260987158,NaN,NaN
1994-08-01,0.00404312668463613,NaN,NaN
1994-09-01,0.00201342281879202,NaN,NaN
1994-10-01,0.000669792364367039,NaN,NaN
1994-11-01,0.00267737617135211,NaN,NaN
1994-12-01,0.00200267022696909,NaN,NaN
1995-01-01,0.00266489007328441,NaN,NaN
1995-02-01,0.00265780730897003,NaN,NaN
1995-03-01,0.00198807157057646,NaN,NaN
1995-04-01,0.00396825396825418,NaN,NaN
1995-05-01,0.00197628458498023,NaN,NaN
1995-06-01,0.00197238658777121,NaN,NaN
1995-07-01,0.00131233595800517,NaN,NaN
1995-08-01,0.00196592398427264,NaN,NaN
1995-09-01,0.00130804447351207,NaN,NaN
1995-10-01,0.00261267145656441,NaN,NaN
1995-11-01,0.00130293159609107,NaN,NaN
1995-12-01,0.00130123617436584,NaN,NaN
1996-01-01,0.00519818063677713,NaN,NaN
1996-02-01,0.00193923723335487,NaN,NaN
1996-03-01,0.00322580645161286,NaN,NaN
1996-04-01,0.00385852090032146,NaN,NaN
1996-05-01,0.00192184497117243,NaN,NaN
1996-06-01,0.00191815856777477,NaN,NaN
1996-07-01,0.00191448627951507,NaN,NaN
1996-08-01,0.00127388535031847,NaN,NaN
1996-09-01,0.00318066157760821,NaN,NaN
1996-10-01,0.0031705770450221,NaN,NaN
1996-11-01,0.00316055625790135,NaN,NaN
1996-12-01,0.00252047889098939,NaN,NaN
1997-01-01,0.00188560653676939,NaN,NaN
1997-02-01,0.00188205771643646,NaN,NaN
1997-03-01,0.000626174076393315,NaN,NaN
1997-04-01,0.000625782227784644,NaN,NaN
1997-05-01,0,NaN,NaN
1997-06-01,0.00187617260787976,NaN,NaN
1997-07-01,0.00124843945068664,NaN,NaN
1997-08-01,0.00249376558603487,NaN,NaN
1997-09-01,0.00248756218905455,NaN,NaN
1997-10-01,0.00186104218362293,NaN,NaN
1997-11-01,0.00123839009287918,NaN,NaN
1997-12-01,0.000618429189857883,NaN,NaN
1998-01-01,0.0012360939431395,NaN,NaN
1998-02-01,0,NaN,NaN
1998-03-01,0,NaN,NaN
1998-04-01,0.00123456790123444,NaN,NaN
1998-05-01,0.00246609124537622,NaN,NaN
1998-06-01,0.00123001230012321,NaN,NaN
1998-07-01,0.00245700245700231,NaN,NaN
1998-08-01,0.00122549019607843,NaN,NaN
1998-09-01,0.000611995104039087,NaN,NaN
1998-10-01,0.00244648318042806,NaN,NaN
1998-11-01,0.00122025625381328,NaN,NaN
1998-12-01,0.00182815356489963,NaN,NaN
1999-01-01,0.00182481751824803,NaN,NaN
1999-02-01,0,NaN,NaN
1999-03-01,0.000607164541590821,NaN,NaN
1999-04-01,0.00667475728155331,NaN,NaN
1999-05-01,0.000602772754671355,NaN,NaN
1999-06-01,0,NaN,NaN
1999-07-01,0.00421686746987948,NaN,NaN
1999-08-01,0.00239952009598077,NaN,NaN
1999-09-01,0.00418910831837227,NaN,NaN
1999-10-01,0.001787842669845,NaN,NaN
1999-11-01,0.00178465199286149,NaN,NaN
1999-12-01,0.00237529691211402,NaN,NaN
2000-01-01,0.00296208530805697,NaN,NaN
2000-02-01,0.00413467217956276,NaN,NaN
2000-03-01,0.00588235294117645,NaN,NaN
2000-04-01,-0.000584795321637355,NaN,NaN
2000-05-01,0.00175541252194256,NaN,NaN
2000-06-01,0.00584112149532712,NaN,NaN
2000-07-01,0.00290360046457616,NaN,NaN
2000-08-01,0,NaN,NaN
2000-09-01,0.00521134916039379,NaN,NaN
2000-10-01,0.00172811059907851,NaN,NaN
2000-11-01,0.00172512938470382,NaN,NaN
2000-12-01,0.00229621125143509,NaN,NaN
2001-01-01,0.00572737686139746,NaN,NaN
2001-02-01,0.00227790432801833,NaN,NaN
2001-03-01,0.000568181818181746,NaN,NaN
2001-04-01,0.00170357751277694,NaN,NaN
2001-05-01,0.00510204081632648,NaN,NaN
2001-06-01,0.00225606316976856,NaN,NaN
2001-07-01,-0.00168823860438927,NaN,NaN
2001-08-01,0,NaN,NaN
2001-09-01,0.00394588500563686,NaN,NaN
2001-10-01,-0.00280741156653563,NaN,NaN
2001-11-01,-0.000563063063063085,NaN,NaN
2001-12-01,-0.000563380281690118,NaN,NaN
2002-01-01,0.00169109357384434,NaN,NaN
2002-02-01,0.00168823860438949,NaN,NaN
2002-03-01,0.00280898876404501,NaN,NaN
2002-04-01,0.00448179271708682,NaN,NaN
2002-05-01,0.0011154489682097,NaN,NaN
2002-06-01,0.000557103064066755,NaN,NaN
2002-07-01,0.00222717149220486,NaN,NaN
2002-08-01,0.00277777777777777,NaN,NaN
2002-09-01,0.00166204986149587,NaN,NaN
2002-10-01,0.00221238938053081,NaN,NaN
2002-11-01,0.0016556291390728,NaN,NaN
2002-12-01,0.00165289256198364,NaN,NaN
2003-01-01,0.00440044004400431,NaN,NaN
2003-02-01,0.00547645125958374,NaN,NaN
2003-03-01,0.00163398692810457,NaN,NaN
2003-04-01,-0.00380641653072333,NaN,NaN
2003-05-01,-0.0016375545851528,NaN,NaN
2003-06-01,0.00109349371241119,NaN,NaN
2003-07-01,0.00327689787001639,NaN,NaN
2003-08-01,0.00435492651061509,NaN,NaN
2003-09-01,0.00325203252032513,NaN,NaN
2003-10-01,-0.00108049702863311,NaN,NaN
2003-11-01,0.000540832882639286,NaN,NaN
2003-12-01,0.00270270270270268,NaN,NaN
2004-01-01,0.00431266846361189,NaN,NaN
2004-02-01,0.00214707461084251,NaN,NaN
2004-03-01,0.00214247455811467,NaN,NaN
2004-04-01,0.00160342063067875,NaN,NaN
2004-05-01,0.00426894343649931,NaN,NaN
2004-06-01,0.00371944739638685,NaN,NaN
2004-07-01,0.00105876124933824,NaN,NaN
2004-08-01,0.000528820729772672,NaN,NaN
2004-09-01,0.00317124735729402,NaN,NaN
2004-10-01,0.00526870389884082,NaN,NaN
2004-11-01,0.0047169811320753,NaN,NaN
2004-12-01,0,NaN,NaN
2005-01-01,-0.000521648408972286,NaN,NaN
2005-02-01,0.00417536534446761,NaN,NaN
2005-03-01,0.00363825363825354,NaN,NaN
2005-04-01,0.00310719834282747,NaN,NaN
2005-05-01,-0.000516262261228695,NaN,NaN
2005-06-01,0.000516528925619708,NaN,NaN
2005-07-01,0.00619514713474456,NaN,NaN
2005-08-01,0.00615700359158544,NaN,NaN
2005-09-01,0.0137684854665987,NaN,NaN
2005-10-01,0.00150905432595572,NaN,NaN
2005-11-01,-0.00502260170768454,NaN,NaN
2005-12-01,0,NaN,NaN
2006-01-01,0.00605754669358927,NaN,NaN
2006-02-01,0.000501756146512822,NaN,NaN
2006-03-01,0.00150451354062175,NaN,NaN
2006-04-01,0.00500751126690036,NaN,NaN
2006-05-01,0.00298953662182377,NaN,NaN
2006-06-01,0.0024838549428714,NaN,NaN
2006-07-01,0.00545094152626358,NaN,NaN
2006-08-01,0.00443568260226712,NaN,NaN
2006-09-01,-0.00490677134445539,NaN,NaN
2006-10-01,-0.00443786982248529,NaN,NaN
2006-11-01,0.000495294700346705,NaN,NaN
2006-12-01,0.00544554455445545,NaN,NaN
2007-01-01,0.00165928114229463,NaN,NaN
2007-02-01,0.00387835054586927,NaN,NaN
2007-03-01,0.00520012143409754,NaN,NaN
2007-04-01,0.00300066248392494,NaN,NaN
2007-05-01,0.00413299401662903,NaN,NaN
2007-06-01,0.00231675171096235,NaN,NaN
2007-07-01,0.00178059584817158,NaN,NaN
2007-08-01,0.000308280708853026,NaN,NaN
2007-09-01,0.00423755339076504,NaN,NaN
2007-10-01,0.00308323783128017,NaN,NaN
2007-11-01,0.00785888426789039,NaN,NaN
2007-12-01,0.00289801455173255,NaN,NaN
2008-01-01,0.00344770507697034,NaN,NaN
2008-02-01,0.00241782687793979,NaN,NaN
2008-03-01,0.00357802780611882,NaN,NaN
2008-04-01,0.00231438102020154,NaN,NaN
2008-05-01,0.00591749165661715,NaN,NaN
2008-06-01,0.0104782350098509,NaN,NaN
2008-07-01,0.00714144475152101,NaN,NaN
2008-08-01,-0.00148847572780064,NaN,NaN
2008-09-01,0.000855091682290032,NaN,NaN
2008-10-01,-0.00859843656482862,NaN,NaN
2008-11-01,-0.0177054770847255,NaN,NaN
2008-12-01,-0.00823352239940323,NaN,NaN
2009-01-01,0.00253077134126145,NaN,NaN
2009-02-01,0.00364266065218732,NaN,NaN
2009-03-01,-0.000987282856538485,NaN,NaN
2009-04-01,0.0010070825195887,NaN,NaN
2009-05-01,0.00147149391892198,NaN,NaN
2009-06-01,0.00829961224662235,NaN,NaN
2009-07-01,-0.000297965454630122,NaN,NaN
2009-08-01,0.00334845337779299,NaN,NaN
2009-09-01,0.00193088723340051,NaN,NaN
2009-10-01,0.00300193179870378,NaN,NaN
2009-11-01,0.00334859058976766,NaN,NaN
2009-12-01,0.000520176399642747,NaN,NaN
2010-01-01,0.000648732211624647,NaN,NaN
2010-02-01,-0.000951776649746217,NaN,NaN
2010-03-01,0.000331368136192278,NaN,NaN
2010-04-01,0.000230040533141906,NaN,NaN
2010-05-01,-0.00051977203626441,NaN,NaN
2010-06-01,-0.000418795158543817,NaN,NaN
2010-07-01,0.00186925354168288,NaN,NaN
2010-08-01,0.00146136347969961,NaN,NaN
2010-09-01,0.00161524942296132,NaN,NaN
2010-10-01,0.00348184629481163,NaN,NaN
2010-11-01,0.0025338416234848,NaN,NaN
2010-12-01,0.00401657634682828,NaN,NaN
2011-01-01,0.00324304220037019,NaN,NaN
2011-02-01,0.00321447463006419,NaN,NaN
2011-03-01,0.0051735482068338,0.00113142435405182,0.001791985249481
2011-04-01,0.0046940989750992,0.00427306840215149,0.0018531358272512
2011-05-01,0.00318171473450768,0.00396990363195888,0.00184791228905451
2011-06-01,0,0.00163529013391068,0.00185111525759924
2011-07-01,0.00262003683175704,0.00279391904820686,0.00180971767521805
2011-08-01,0.00315446216641879,0.0013305763038336,0.00176253593030961
2011-09-01,0.00217154785808438,0.00562658366087348,0.00174118225637881
2011-10-01,0.000675207527019328,-0.0043029848089958,0.0018591542430878
2011-11-01,0.00184785005512689,0.00372835002779463,0.00194437219891288
2011-12-01,0.000237708490154809,0.000283418305717288,0.00196691478815921
2012-01-01,0.00272419605409668,-0.000937908897092847,0.00188011752042087
2012-02-01,0.00213744612494615,0.00508553718729927,0.00189786610228424
2012-03-01,0.00209347038702923,0.00434219328748136,0.00186885102860219
2012-04-01,0.00166078835000683,0.00213115283671553,0.00181707351115105
2012-05-01,-0.00206818013238108,0.00237872714341834,0.00179474227558575
2012-06-01,-0.000826363171310684,-0.00344436682321566,0.00169138937310224
2012-07-01,0.000288809928060019,0.00293372710395249,0.00163900412506436
2012-08-01,0.00580952797585188,0.000937648764116097,0.00161414102639583
2012-09-01,0.00477126627754232,0.00167928581894649,0.00170582848084581
2012-10-01,0.00269679458043859,0.00467445202471671,0.00171472369562544
2012-11-01,-0.00167934449442664,0.00216285042183816,0.00170828297477808
2012-12-01,-0.000121081604677165,0.00205905727602187,0.00154931249540613
2013-01-01,0.00198078894218079,0.00135261496401739,0.00149899422613263
2013-02-01,0.00542992675210097,0.00156053229608599,0.00147454562388614
2013-03-01,-0.00281191910258993,-0.000238743343132657,0.00152474728845549
2013-04-01,-0.00208797926658122,0.000770975104994108,0.00141824817331035
2013-05-01,0.000414155489501633,0.00198533926071213,0.00134487550186397
2013-06-01,0.00238040820550856,-0.00339223442477486,0.00125315323241204
2013-07-01,0.00195745230054434,-0.00118221621536795,0.00111818945233967
2013-08-01,0.00238729068269627,0.00302275324946299,0.00103178957815672
2013-09-01,0.000376944691933501,-0.00165347277905397,0.00109638568499834
2013-10-01,0.000535231048539142,0.00337990198023191,0.0010884165684924
2013-11-01,0.00184448942735238,0.00245368737706434,0.00124064436204853
2013-12-01,0.00264416915847931,0.00227519167181721,0.00156647713724982
2014-01-01,0.00242417529045369,0.000866984097022752,0.00174777199654787
2014-02-01,0.00110077862024416,0.000806464315274032,0.00174599539570107
2014-03-01,0.00204205530106516,0.00169576715710963,0.00170363069516868
2014-04-01,0.0018641856050976,0.00187020604107927,0.00175411966446208
2014-05-01,0.00190300590354719,0.00126902028178868,0.00176840471588723
2014-06-01,0.00132113220607977,0.00057177582591957,0.00177559658229765
2014-07-01,0.00112548528649281,0.00144802584091676,0.00165928858162194
2014-08-01,-0.000160001347379701,0.00120367770302107,0.00168301276064065
2014-09-01,7.15910048008084e-05,0.0012466364336217,0.00162453851522111
2014-10-01,-0.000197913903241198,0.000217362936404161,0.00159355024474445
2014-11-01,-0.00188266015246596,0.00065920630572715,0.00154021948304536
2014-12-01,-0.00308460944455924,0.000461773258961682,0.0014530319706748
2015-01-01,-0.00637031644176556,-0.000861107163426098,0.00139295220660477
2015-02-01,0.00253464368021739,-0.000661298224005432,0.0012759680623816
2015-03-01,0.00269395178081244,0.00268400752176179,0.00133407506788099
2015-04-01,0.00104247889615894,0.000911558544882636,0.001373451461958
2015-05-01,0.00329774534124683,0.000287608865104755,0.00138699210134161
2015-06-01,0.00276792081046073,0.000314940889125549,0.0014506173909668
2015-07-01,0.00158631978018731,0.000395765687587023,0.00150372932378354
2015-08-01,-4.20108051790713e-06,-0.000311564015217269,0.00149901376109195
2015-09-01,-0.00224758751937759,-0.000705669651544901,0.00147458768508832
2015-10-01,0.00098948201669069,0.00109509627788412,0.00141020706938268
2015-11-01,0.00119461749105088,0.0030671997957968,0.00136866766474733
2015-12-01,-0.00107555342685606,-0.000637896918421255,0.00134634726254009
2016-01-01,-0.000458443563073896,-0.00232533745684329,0.00126147843297869
2016-02-01,-0.0013296753235823,-0.00272079436221965,0.00119978700358795
2016-03-01,0.00313479623824442,0.00214752595495332,0.00112405117102718
2016-04-01,0.00383064516129017,0.00491339157749631,0.00109007197155069
2016-05-01,0.00236409586931785,0.00124845864116898,0.00107568107465387
2016-06-01,0.0027759572878272,-0.000420625194645718,0.00106205409356738
2016-07-01,-0.000503700743478941,0.000959597079950538,0.0011083200483645
2016-08-01,0.00184922178583169,0.000914663022340553,0.0010562577554439
2016-09-01,0.00262320979442521,0.000367725459884919,0.00103450374910078
2016-10-01,0.00234268749792688,0.00172359648523492,0.00104203144803979
2016-11-01,0.00117894771677118,0.000926529009631999,0.00106982278088825
2016-12-01,0.00252452215877619,0.00241107647621987,0.00105867440858232
2017-01-01,0.00404307669481563,0.000123353290955673,0.00109678796972601
2017-02-01,0.00159265735700975,0.000656367526878067,0.00111876931373799
2017-03-01,-0.000467201626189517,0.00169211690430448,0.00110968950093905
2017-04-01,0.00123415282174077,0.00090889851103355,0.00106701163405207
2017-05-01,-0.000773977960056293,0.000852682338268589,0.00105990104191431
2017-06-01,0.000651628661825221,0.000182855511062113,0.00108147107811972
2017-07-01,0.000327649971535449,0.00113569142827822,0.00110610427533865
2017-08-01,0.00384862616328818,0.00100403768619364,0.00110675160939658
2017-09-01,0.00510638992099777,0.00150140063819745,0.00107406991252051
2017-10-01,0.000775052245013841,0.0017263033777282,0.00107965530657811
2017-11-01,0.00266800742825168,0.00119424634835382,0.00104762626765436
2017-12-01,0.00210688924475511,0.000259370081688697,0.00112008213303233
2018-01-01,0.00425334436351155,0.00110322639490817,0.00115721498052287
2018-02-01,0.00269228760060902,0.0027719085035229,0.00119509090421172
2018-03-01,0.000192362410782021,0.000119879498738653,0.00114946358502018
2018-04-01,0.00260440665606199,-0.00123617352719732,0.00119953494357638
2018-05-01,0.00225794978159821,-0.000597151177742199,0.00127774137562044
2018-06-01,0.00090114517209483,-0.000492444156523391,0.00130847128048871
2018-07-01,0.000780820498928358,0.000640359391434734,0.00128381689659848
2018-08-01,0.00178732077033938,0.00146744388065182,0.00126420636657155
2018-09-01,0.00206228170211742,0.00058205895057836,0.00125420686803227
2018-10-01,0.00233958014449875,0.00250715129289369,0.001282295818202
2018-11-01,-0.000704191919991159,2.35433645696131e-05,0.00131236830313466
2018-12-01,0.000684893544581344,0.000985575173425753,0.00126989028067894
2019-01-01,-0.000814979803534399,0.000119110276487447,0.00123723568711397
2019-02-01,0.00300125514232197,0.00203867192001881,0.00118324976888083
2019-03-01,0.0037817929172308,0.00109938676779109,0.00121492437758213
2019-04-01,0.00375967940474364,0.00120942492011571,0.00124392000451822
2019-05-01,0.000246833285664438,0.00268396325875201,0.00127551156784566
2019-06-01,-0.000325112810228068,0.00106977336207286,0.00124790869088095
2019-07-01,0.00230787616618278,0.00448873768484754,0.00122047127394248
2019-08-01,0.000914770017435451,0.00132563165284603,0.00124017778860398
2019-09-01,0.00153884609976718,0.00167815723121033,0.00125809064468423
2019-10-01,0.00282728229926277,0.00209306682939087,0.00128254489626701
2019-11-01,0.00281542260504386,0.00296073486089834,0.00133296483297541
2019-12-01,0.00291221852108925,0.00370789964738213,0.00141126621226724
2020-01-01,0.00192166415342387,0.00293797582145778,0.00151121334502805
2020-02-01,0.00047467072130658,0.00216565117128267,0.00164941302161454
2020-03-01,-0.0045284474445515,0.000852437699830364,0.00161508013896602
2020-04-01,-0.00792014755343406,0.0013608119242956,0.00149470681854329
2020-05-01,-0.000898325209348738,0.0170981306395562,0.00134532971105007
2020-06-01,0.00484749923769168,-0.0203913251634496,0.00127539520187348
2020-07-01,0.00509644338279358,-0.00373815221629472,0.00131005484232733
2020-08-01,0.00373134328358216,0.0118163787949382,0.00136855690237077
2020-09-01,0.00262613953631874,0.00248369238077079,0.00143081597510577
2020-10-01,0.00123847582856729,0.00011750742991599,0.00151204475936737
2020-11-01,0.00227413289079936,0.00235923323760142,0.00151619465623198
2020-12-01,0.00434630966114891,0.00367876910215307,0.00153418657956113
2021-01-01,0.00244996088458094,0.00309513848298443,0.00162455096436121
2021-02-01,0.00339567622303338,0.00182660461650141,0.00167302437182212
2021-03-01,0.00524320981565296,0.00221309637435202,0.00175178023093238
2021-04-01,0.00623865399058721,0.00308519228088576,0.00178692045722253
2021-05-01,0.00663506042443385,0.000397064578197676,0.00182705393771081
2021-06-01,0.00846178781815543,0.00139654592006768,0.00189823668029608
2021-07-01,0.00461474798081696,0.00517763839772423,0.00199300052246821
2021-08-01,0.00284292560214472,0.0028021078035358,0.00207830800120648
2021-09-01,0.00452551746395002,0.00251015260386889,0.00209486973147836
2021-10-01,0.00963820232923207,0.0020695861434764,0.00212657485930378
2021-11-01,0.00856626288193807,0.00438232119500933,0.00224816677315886
2021-12-01,0.00690523055080527,0.0045089097459374,0.00237128869257831
2022-01-01,0.00604603963040096,0.00727043337104884,0.00244430049911213
2022-02-01,0.00692637934756823,0.00491283277033647,0.00247768321470522
2022-03-01,0.0111564147627417,0.00437237455558041,0.00256657858121453
2022-04-01,0.00308335129347803,0.00909171939744233,0.00276030552103004
2022-05-01,0.00948499623996324,0.00575224731262678,0.002791125495559
2022-06-01,0.0125610199864057,0.00340685065195866,0.00296210839889266
2022-07-01,-0.000149174286421361,0.00734363290064283,0.00316059825430233
2022-08-01,0.000623912814965655,0.0082222042766748,0.00315265118333639
2022-09-01,0.00424267274828272,-0.000609780952502568,0.00309890596086434
2022-10-01,0.00559475483298422,-0.0015187004412739,0.00308451067465243
2022-11-01,0.00261403255628223,0.00222759834563241,0.0031648390511186
2022-12-01,0.000153956343335926,0.0038097689580915,0.00316393946991911
2023-01-01,0.00531402259463509,0.0027490396921295,0.00313139058822879
2023-02-01,0.00342853338659199,0.000828651793880707,0.00314906855874751
2023-03-01,0.001230718195389,0.00229669364714995,0.00316133932184723
2023-04-01,0.00339273940514406,0.00260549039936608,0.00317864525159068
2023-05-01,0.00161468738133363,-0.000384459143502933,0.00319178413074205
2023-06-01,0.00224175331482801,0.000647225219364271,0.00318106309073764
2023-07-01,0.00195714671034874,0.0039990593610013,0.00320340655978319
2023-08-01,0.00483570741507977,0.0027076856912989,0.0032230119966402
2023-09-01,0.00390091544096038,0.000992291547073167,0.0032738184407192
2023-10-01,0.0013668493471668,0.0019123161117321,0.00330446233636659
2023-11-01,0.0014689823722116,0.00228808138541801,0.00328825015641105
2023-12-01,0.00192439996365379,0.0025066032583583,0.00332446972794777
2024-01-01,0.0030996854969052,0.00285210219380025,0.00334512816826564
2024-02-01,0.00409754018430863,0.001447462210512,0.00341037258993963
2024-03-01,0.00443133837352527,0.00393305575457071,0.00342864400730608
2024-04-01,0.0021706766556211,0.00243610203283246,0.00343946976491099
2024-05-01,0.000485587321059411,0.00333652938612658,0.00341298638575894
2024-06-01,-0.000418296479604119,0.00259395589925709,0.00341696561968219
2024-07-01,0.00167708053819915,0.000710782952515288,0.00341541255852593
2024-08-01,0.00157222174385852,0.00125620871493152,0.00340489929805953
2024-09-01,0.00213333672969029,0.00287259565440688,0.00341585682683325
2024-10-01,0.0028563984596417,0.00388874687445121,0.00342576500399864
2024-11-01,0.00284192617328483,0.00245715444766754,0.00342625027333828
2024-12-01,0.00339938330890144,0.00247524564587296,0.00342669199947563
2025-01-01,0.00427261621390174,0.00258672829366003,0.00343481141260584
2025-02-01,0.00225105890688826,0.00335899838656339,0.00347399394694713
2025-03-01,0.000331582618814608,0.00376415807334205,0.00350360041670683
2025-04-01,0.00161671122785623,0.00263986309769833,0.00358460091776293
2025-05-01,0.000992813032700379,0.00272170954713969,0.00374354856411777
2025-06-01,0.00254194997192947,0.00393329870303197,0.00377506753481859
2025-07-01,0.00228350988535775,0.00187062249303096,0.00373664171372255
2025-08-01,0.00348264420226663,0.00427576694773383,0.00368975948876529
2025-09-01,0.00295090181910407,0.00295642632029407,0.0036856145040767
2025-10-01,NaN,0.00339316037881351,0.00369102720878978
2025-11-01,NaN,NaN,NaN
2025-12-01,0.00297788428704604,NaN,NaN
2026-01-01,0.00170842649932057,NaN,NaN
2026-02-01,0.00267003074209704,NaN,NaN
2026-03-01,0.00865143834361448,NaN,NaN
2026-04-01,0.0064003778463364,NaN,NaN
2026-05-01,NaN,NaN,NaN
2026-06-01,NaN,NaN,NaN
