Date,Actual,Forecast,Benchmark,LastValue,LookbackUsed
1939-02-01,,,,,
1939-03-01,,,,,
1939-04-01,,,,,
1939-05-01,,,,,
1939-06-01,,,,,
1939-07-01,,,,,
1939-08-01,,,,,
1939-09-01,,,,,
1939-10-01,,,,,
1939-11-01,,,,,
1939-12-01,,,,,
1940-01-01,,,,,
1940-02-01,,,,,
1940-03-01,,,,,
1940-04-01,,,,,
1940-05-01,,,,,
1940-06-01,,,,,
1940-07-01,,,,,
1940-08-01,,,,,
1940-09-01,,,,,
1940-10-01,,,,,
1940-11-01,,,,,
1940-12-01,,,,,
1941-01-01,,,,,
1941-02-01,,,,,
1941-03-01,,,,,
1941-04-01,,,,,
1941-05-01,,,,,
1941-06-01,,,,,
1941-07-01,,,,,
1941-08-01,,,,,
1941-09-01,,,,,
1941-10-01,,,,,
1941-11-01,,,,,
1941-12-01,,,,,
1942-01-01,,,,,
1942-02-01,,,,,
1942-03-01,,,,,
1942-04-01,,,,,
1942-05-01,,,,,
1942-06-01,,,,,
1942-07-01,,,,,
1942-08-01,,,,,
1942-09-01,,,,,
1942-10-01,,,,,
1942-11-01,,,,,
1942-12-01,,,,,
1943-01-01,,,,,
1943-02-01,,,,,
1943-03-01,,,,,
1943-04-01,,,,,
1943-05-01,,,,,
1943-06-01,,,,,
1943-07-01,,,,,
1943-08-01,,,,,
1943-09-01,,,,,
1943-10-01,,,,,
1943-11-01,,,,,
1943-12-01,,,,,
1944-01-01,,,,,
1944-02-01,,,,,
1944-03-01,,,,,
1944-04-01,,,,,
1944-05-01,,,,,
1944-06-01,,,,,
1944-07-01,,,,,
1944-08-01,,,,,
1944-09-01,,,,,
1944-10-01,,,,,
1944-11-01,,,,,
1944-12-01,,,,,
1945-01-01,,,,,
1945-02-01,,,,,
1945-03-01,,,,,
1945-04-01,,,,,
1945-05-01,,,,,
1945-06-01,,,,,
1945-07-01,,,,,
1945-08-01,,,,,
1945-09-01,,,,,
1945-10-01,,,,,
1945-11-01,,,,,
1945-12-01,,,,,
1946-01-01,,,,,
1946-02-01,,,,,
1946-03-01,,,,,
1946-04-01,,,,,
1946-05-01,,,,,
1946-06-01,,,,,
1946-07-01,,,,,
1946-08-01,,,,,
1946-09-01,,,,,
1946-10-01,,,,,
1946-11-01,,,,,
1946-12-01,,,,,
1947-01-01,,,,,
1947-02-01,0.0110586273486339,,,,
1947-03-01,-0.0175763182238668,,,,
1947-04-01,-0.0022727272727273,,,,
1947-05-01,0.0081952785255746,,,,
1947-06-01,0.0008709270080222,,,,
1947-07-01,0.0008538451759274,,,,
1947-08-01,0.0119955337060602,,,,
1947-09-01,-0.0165780585439081,,,,
1947-10-01,0.0034825606328272,,,,
1947-11-01,0.0086304378193944,,,,
1947-12-01,-0.0036442643728282,,,,
1948-01-01,-0.0119558299756398,,,,
1948-02-01,-0.0067597897326986,,,,
1948-03-01,0.0207991083065917,,,,
1948-04-01,-0.0056405309323472,,,,
1948-05-01,-0.002145586554161,,,,
1948-06-01,0.0045210630836185,,,,
1948-07-01,-0.0091224586769846,,,,
1948-08-01,-0.0040948377096152,,,,
1948-09-01,0.0008127843569004,,,,
1948-10-01,-0.0041177551319537,,,,
1948-11-01,0.0016173201554969,,,,
1948-12-01,0.0028897784692486,,,,
1949-01-01,-0.0025017296154322,,,,
1949-02-01,0.0041649312786339,,,,
1949-03-01,0.000418235048097,,,,
1949-04-01,-0.0008362952487659,,,,
1949-05-01,0.0008362952487659,,,,
1949-06-01,-0.0096155594628127,,,,
1949-07-01,0.0091973244147157,,,,
1949-08-01,0.0021097046413502,,,,
1949-09-01,-0.0054781256939817,,,,
1949-10-01,0.0046358481755717,,,,
1949-11-01,-0.0050648954773706,,,,
1949-12-01,-0.0004380250805546,,,,
1950-01-01,0.0084890025800297,,,,
1950-02-01,-0.002982861114549,,,,
1950-03-01,-0.000847636186164,,,,
1950-04-01,0.0046509839273387,,,,
1950-05-01,-0.00044631381963,,,,
1950-06-01,0.0033287669591826,,,,
1950-07-01,-0.002555534910392,,,,
1950-08-01,0.0003842099661113,,,,
1950-09-01,0.0007884175285384,,,,
1950-10-01,-0.0024919088424193,,,,
1950-11-01,0.0113655218184833,,,,
1950-12-01,0.0005656557766537,,,,
1951-01-01,0.0017176862057022,,,,
1951-02-01,-0.0157947628108499,,,,
1951-03-01,-0.0003901385889548,,,,
1951-04-01,0.0011550222298546,,,,
1951-05-01,-0.0050091975071132,,,,
1951-06-01,0.0015372728571774,,,,
1951-07-01,-0.0011584494846516,,,,
1951-08-01,0.0085036160927096,,,,
1951-09-01,-0.0015796218237094,,,,
1951-10-01,0.001121970532707,,,,
1951-11-01,-0.0004171198051736,,,,
1951-12-01,-0.0064546604919488,,,,
1952-01-01,-0.0007567149885413,,,,
1952-02-01,0.000754998428876,,,,
1952-03-01,0.0034098087996166,,,,
1952-04-01,-0.0022745909445416,,,,
1952-05-01,0.0018887880887989,,,,
1952-06-01,0.0033872595920734,,,,
1952-07-01,-0.0052791640365266,,,,
1952-08-01,-0.0026228455648535,,,,
1952-09-01,0.0045011309809137,,,,
1952-10-01,-0.0022530980097634,,,,
1952-11-01,0.0007493443237167,,,,
1952-12-01,-0.0033700856191117,,,,
1953-01-01,0.0007438644185181,,,,
1953-02-01,0.0033812018110626,,,,
1953-03-01,0.0007487730755777,,,,
1953-04-01,-0.0018784258479052,,,,
1953-05-01,0.0022470506845837,,,,
1953-06-01,-0.001874617878194,,,,
1953-07-01,0.0014925366890869,,,,
1953-08-01,-0.000749883742996,,,,
1953-09-01,0.0007415548413323,,,,
1953-10-01,-0.0059418878948177,,,,
1953-11-01,0.0044554540963158,,,,
1953-12-01,0.0018602568820564,,,,
1954-01-01,-0.0007491595957218,,,,
1954-02-01,-0.0040790218159381,,,,
1954-03-01,-0.0003762860280114,,,,
1954-04-01,0.0052054373338781,,,,
1954-05-01,-0.0022347726476545,,,,
1954-06-01,-0.0033408950753845,,,,
1954-07-01,0.0025972611705449,,,,
1954-08-01,-0.0011174570952773,,,,
1954-09-01,-0.0018671984452283,,,,
1954-10-01,0.0056024653416032,,,,
1954-11-01,-0.0026189219768081,,,,
1954-12-01,0.0003734129947722,,,,
1955-01-01,0.00186776242062,,,,
1955-02-01,-0.0029863306532822,,,,
1955-03-01,0.0011185682326622,,,,
1955-04-01,-0.0007465472191116,,,,
1955-05-01,-0.0014947676856325,,,,
1955-06-01,0.0041132729728833,,,,
1955-07-01,-0.0033667263790511,,,,
1955-08-01,0.0063600377719899,,,,
1955-09-01,-0.0059825878968322,,,,
1955-10-01,0.0033544549010786,,,,
1955-11-01,-0.0026091602748481,,,,
1955-12-01,-0.0011166252414626,,,,
1956-01-01,0.002606800374132,,,,
1956-02-01,-1.2488659602016838e-06,,,,
1956-03-01,0.0003706393799285,,,,
1956-04-01,0.0022257890206653,,,,
1956-05-01,0.0007261807959384,,,,
1956-06-01,0.0007170260995048,,,,
1956-07-01,-0.004423668570372,,,,
1956-08-01,0.0007317957750401,,,,
1956-09-01,0.0043854264497873,,,,
1956-10-01,-0.0058500914076782,,,,
1956-11-01,0.0043620501635768,,,,
1956-12-01,-0.0029143483901421,,,,
1957-01-01,0.0032505273555858,,,,
1957-02-01,-0.0025399557477256,,,,
1957-03-01,0.0003542894327754,,,,
1957-04-01,-6.2971499099617745e-06,,,,
1957-05-01,0.0014223057644111,,,,
1957-06-01,-0.0010826091375717,,,,
1957-07-01,0.000346659205985,,,,
1957-08-01,-0.0017781943399834,,,,
1957-09-01,-0.0014144271570013,,,,
1957-10-01,0.0031779661016948,,,,
1957-11-01,-0.0010660336835321,,,,
1957-12-01,0.0038592653338571,,,,
1958-01-01,-0.0038762256849806,,,,
1958-02-01,0.003828372880696,,,,
1958-03-01,-0.0034986826685525,,,,
1958-04-01,-0.0024246622791825,,,,
1958-05-01,-0.0010366275051831,,,,
1958-06-01,0.0003448253605965,,,,
1958-07-01,0.0024225048098688,,,,
1958-08-01,-0.0027673301704653,,,,
1958-09-01,0.0010366275051831,,,,
1958-10-01,0.0013836042891732,,,,
1958-11-01,-0.000692758002472,,,,
1958-12-01,0.0006898924085008,,,,
1959-01-01,-0.0017254474163327,,,,
1959-02-01,-0.00068977403749,,,,
1959-03-01,0.0013796674324212,,,,
1959-04-01,0.0017252087009407,,,,
1959-05-01,0.0003400749448179,,,,
1959-06-01,-0.0010363700715343,,,,
1959-07-01,-0.0003449387282992,,,,
1959-08-01,0.0013697438387392,,,,
1959-09-01,0.0010199000603385,,,,
1959-10-01,-0.0034188034188034,,,,
1959-11-01,0.0020442930153321,,,,
1959-12-01,-0.0034043746202284,,,,
1960-01-01,0.0027220155510999,,,,
1960-02-01,-0.0013619339462036,,,,
1960-03-01,0.0044202652159128,,,,
1960-04-01,-0.0034046931102933,,,,
1960-05-01,0.0003371502481173,,,,
1960-06-01,-0.0033790648056111,,,,
1960-07-01,0.004056799304666,,,,
1960-08-01,-0.0020304568527917,,,,
1960-09-01,0.0047281323877068,,,,
1960-10-01,-0.0037197290263621,,,,
1960-11-01,-1.015852949759477e-06,,,,
1960-12-01,-1.0138082942034998e-06,,,,
1961-01-01,-0.0010063737001007,,,,
1961-02-01,0.0,,,,
1961-03-01,-0.0010053619302949,,,,
1961-04-01,0.0020117356303956,,,,
1961-05-01,-0.0010063737001007,,,,
1961-06-01,0.002680965147453,,,,
1961-07-01,-0.002012515949592,,,,
1961-08-01,0.0006675561461604,,,,
1961-09-01,-0.0013360053440214,,,,
1961-10-01,0.0,,,,
1961-11-01,0.0010006671114075,,,,
1961-12-01,-1.0003336667896434e-06,,,,
1962-01-01,0.001330559587106,,,,
1962-02-01,-0.0003375329075236,,,,
1962-03-01,-0.0006668731059806,,,,
1962-04-01,-0.0003327716919581,,,,
1962-05-01,-0.0019851121514476,,,,
1962-06-01,0.001323079711858,,,,
1962-07-01,0.0016544238860956,,,,
1962-08-01,0.0026380737646514,,,,
1962-09-01,-0.0059384382623892,,,,
1962-10-01,0.0013149243918475,,,,
1962-11-01,0.0,,,,
1962-12-01,0.0019749835418039,,,,
1963-01-01,-0.0006609230950234,,,,
1963-02-01,-0.0003298084782765,,,,
1963-03-01,-0.0019675361376289,,,,
1963-04-01,0.0019675361376289,,,,
1963-05-01,0.0022933619285789,,,,
1963-06-01,-0.00066408890525,,,,
1963-07-01,-0.0006584907787341,,,,
1963-08-01,-0.0029306439691962,,,,
1963-09-01,0.0019521722560975,,,,
1963-10-01,-9.52743902438158e-07,,,,
1963-11-01,0.002273253141888,,,,
1963-12-01,-0.0013058577166384,,,,
1964-01-01,-0.0029126237980245,,,,
1964-02-01,0.0019401783060983,,,,
1964-03-01,-0.0006473534838618,,,,
1964-04-01,0.0006460991256203,,,,
1964-05-01,-9.386429935531736e-07,,,,
1964-06-01,-0.0006458900677408,,,,
1964-07-01,0.0006446413679495,,,,
1964-08-01,-9.344135154520928e-07,,,,
1964-09-01,0.0003208177121223,,,,
1964-10-01,0.0016050295613276,,,,
1964-11-01,-0.0016103903484894,,,,
1964-12-01,-0.0003216404998396,,,,
1965-01-01,-0.00096,,,,
1965-02-01,0.0009590792838873,,,,
1965-03-01,0.0012766281578244,,,,
1965-04-01,0.0009510357067903,,,,
1965-05-01,0.0009428629506083,,,,
1965-06-01,-0.0050786728501387,,,,
1965-07-01,-9.015833605241496e-07,,,,
1965-08-01,0.0031686688098246,,,,
1965-09-01,-0.0012699338720203,,,,
1965-10-01,0.0022107910585118,,,,
1965-11-01,-9.951362714755165e-06,,,,
1965-12-01,-0.0022076910715831,,,,
1966-01-01,0.0053316104938259,,,,
1966-02-01,-0.0031563187389118,,,,
1966-03-01,-9.68678366231046e-06,,,,
1966-04-01,-0.0009389947961551,,,,
1966-05-01,-0.0012411683702686,,,,
1966-06-01,0.0012344712566099,,,,
1966-07-01,0.004001499908159,,,,
1966-08-01,-0.0031005410609323,,,,
1966-09-01,-9.35202179008776e-06,,,,
1966-10-01,-0.0021401931053715,,,,
1966-11-01,0.000303303003033,,,,
1966-12-01,-0.0018240784265033,,,,
1967-01-01,0.0036470470921494,,,,
1967-02-01,-0.0030395136778116,,,,
1967-03-01,0.0030303030303031,,,,
1967-04-01,-0.0030303030303031,,,,
1967-05-01,0.0060422960725075,,,,
1967-06-01,-0.0030392930695044,,,,
1967-07-01,-8.991026955174064e-06,,,,
1967-08-01,-8.937349182058796e-06,,,,
1967-09-01,-8.884150675347868e-06,,,,
1967-10-01,0.0029585276246997,,,,
1967-11-01,-0.0029848655935154,,,,
1967-12-01,-8.676036786559038e-06,,,,
1968-01-01,-8.625150940133608e-06,,,,
1968-02-01,-8.574711461095674e-06,,,,
1968-03-01,-8.524713143165386e-06,,,,
1968-04-01,-8.475150857778502e-06,,,,
1968-05-01,0.0028901247050894,,,,
1968-06-01,-3.3412688468681395e-05,,,,
1968-07-01,-0.0028983592479128,,,,
1968-08-01,-8.18665575108568e-06,,,,
1968-09-01,0.0028408628408627,,,,
1968-10-01,-0.0028651445082039,,,,
1968-11-01,0.0028168563243227,,,,
1968-12-01,-0.0028407287500793,,,,
1969-01-01,-7.86831586596648e-06,,,,
1969-02-01,0.0055787678199774,,,,
1969-03-01,-0.0028397220631704,,,,
1969-04-01,-0.0027853452683468,,,,
1969-05-01,0.0027396845578662,,,,
1969-06-01,-3.0024620188751072e-05,,,,
1969-07-01,-0.0027470895699688,,,,
1969-08-01,0.0027026628961941,,,,
1969-09-01,-2.9218621027338187e-05,,,,
1969-10-01,-2.8905284608526927e-05,,,,
1969-11-01,-2.8596961572757703e-05,,,,
1969-12-01,-2.829354553512964e-05,,,,
1970-01-01,-2.799493291694155e-05,,,,
1970-02-01,-2.770102286042686e-05,,,,
1970-03-01,-2.741171713838142e-05,,,,
1970-04-01,-0.0026245295174798,,,,
1970-05-01,0.0025839445528561,,,,
1970-06-01,-0.00260402756263,,,,
1970-07-01,-6.625500225121428e-06,,,,
1970-08-01,0.0025575110408013,,,,
1970-09-01,-2.616431187862922e-05,,,,
1970-10-01,-2.5898684346659095e-05,,,,
1970-11-01,-2.5637081474849666e-05,,,,
1970-12-01,-0.0025379422364346,,,,
1971-01-01,-0.0025125628140703,,,,
1971-02-01,0.0025062656641603,,,,
1971-03-01,-6.265664160398643e-06,,,,
1971-04-01,0.0024875311720697,,,,
1971-05-01,-2.4752015742146583e-05,,,,
1971-06-01,-0.0024936433538584,,,,
1971-07-01,-6.081615276931629e-06,,,,
1971-08-01,-6.0517301898599385e-06,,,,
1971-09-01,-6.022064845456754e-06,,,,
1971-10-01,-5.992617095662567e-06,,,,
1971-11-01,-5.963384817286865e-06,,,,
1971-12-01,-5.934365912896311e-06,,,,
1972-01-01,0.0024212789077078,,,,
1972-02-01,-0.0048543689320388,,,,
1972-03-01,0.002415458937198,,,,
1972-04-01,-5.820382981136518e-06,,,,
1972-05-01,-5.792400370685513e-06,,,,
1972-06-01,-5.764619074311028e-06,,,,
1972-07-01,-5.737037164221803e-06,,,,
1972-08-01,0.0023809251921298,,,,
1972-09-01,-0.0023979727776235,,,,
1972-10-01,0.0023640395807769,,,,
1972-11-01,-0.002380845926853,,,,
1972-12-01,0.0023473917869034,,,,
1973-01-01,0.0023198787711804,,,,
1973-02-01,0.0022765644572735,,,,
1973-03-01,-0.0023898831850819,,,,
1973-04-01,-0.0023357833574118,,,,
1973-05-01,0.0022570539451531,,,,
1973-06-01,-0.0068337129840547,,,,
1973-07-01,0.0180995475113121,,,,
1973-08-01,-0.0136551030668676,,,,
1973-09-01,0.0044051130776794,,,,
1973-10-01,-0.0022706101537028,,,,
1973-11-01,0.0021356495814699,,,,
1973-12-01,0.0020845391192234,,,,
1974-01-01,-0.0001153753853537,,,,
1974-02-01,-0.0001129361594478,,,,
1974-03-01,-0.0042946738966975,,,,
1974-04-01,0.0041188597673951,,,,
1974-05-01,-0.0021645577201132,,,,
1974-06-01,-0.0021080036953053,,,,
1974-07-01,0.0060479364159458,,,,
1974-08-01,0.001857670716687,,,,
1974-09-01,-0.0061229177723036,,,,
1974-10-01,0.0018987832287065,,,,
1974-11-01,-0.0020369312773653,,,,
1974-12-01,-5.986119684964208e-05,,,,
1975-01-01,-0.0019709914271082,,,,
1975-02-01,-0.0019338562984829,,,,
1975-03-01,-1.440258094231872e-05,,,,
1975-04-01,-0.0019010863350485,,,,
1975-05-01,0.0056461642326688,,,,
1975-06-01,0.0018128377070241,,,,
1975-07-01,-0.0056420906888194,,,,
1975-08-01,0.0036763700970341,,,,
1975-09-01,-0.0018855683062324,,,,
1975-10-01,0.0017914690045837,,,,
1975-11-01,-0.0018610197070456,,,,
1975-12-01,-0.0018278324898852,,,,
1976-01-01,-0.0018050076068176,,,,
1976-02-01,-3.2059296874997756e-06,,,,
1976-03-01,-3.1944799387950695e-06,,,,
1976-04-01,0.0035618792971734,,,,
1976-05-01,-2.8444646717362687e-05,,,,
1976-06-01,-2.8143645165013e-05,,,,
1976-07-01,-2.7847396268487756e-05,,,,
1976-08-01,-2.7555800495848715e-05,,,,
1976-09-01,-2.7268760907750433e-05,,,,
1976-10-01,-0.0017541018998272,,,,
1976-11-01,0.0017092797541016,,,,
1976-12-01,-2.652488623766658e-05,,,,
1977-01-01,0.005084478775291,,,,
1977-02-01,-0.0051624431542325,,,,
1977-03-01,0.0016523874735445,,,,
1977-04-01,-0.0033780760626396,,,,
1977-05-01,0.0016500553709855,,,,
1977-06-01,-2.4711018368650528e-05,,,,
1977-07-01,-2.4467159634333768e-05,,,,
1977-08-01,-0.0016608881040574,,,,
1977-09-01,0.0016206416886714,,,,
1977-10-01,0.0015995423825765,,,,
1977-11-01,-0.0016547968160871,,,,
1977-12-01,0.0015818360689692,,,,
1978-01-01,-0.0016358567511733,,,,
1978-02-01,0.0015645173539911,,,,
1978-03-01,0.0015372289820239,,,,
1978-04-01,0.001503236030272,,,,
1978-05-01,-0.0016377333770061,,,,
1978-06-01,-5.963029218847282e-05,,,,
1978-07-01,-0.0015854374632999,,,,
1978-08-01,0.0029978338681091,,,,
1978-09-01,-8.21477061394571e-05,,,,
1978-10-01,-0.003061304528086,,,,
1978-11-01,-3.532593696520259e-05,,,,
1978-12-01,0.0029105983745156,,,,
1979-01-01,0.0013824538017479,,,,
1979-02-01,-0.0001033711657734,,,,
1979-03-01,-0.0001013007847712,,,,
1979-04-01,0.0013171386075618,,,,
1979-05-01,-0.0001269629664899,,,,
1979-06-01,-0.0001241493827448,,,,
1979-07-01,-0.0014912913140816,,,,
1979-08-01,-9.107637404515144e-05,,,,
1979-09-01,0.0012547234501976,,,,
1979-10-01,-0.0001143902997025,,,,
1979-11-01,0.0012038073908173,,,,
1979-12-01,0.0024621860242282,,,,
1980-01-01,-0.0014837784668733,,,,
1980-02-01,0.0011035378123984,,,,
1980-03-01,-0.0039365350274178,,,,
1980-04-01,-9.876406037601092e-05,,,,
1980-05-01,-9.682988049064534e-05,,,,
1980-06-01,-0.0085798004525055,,,,
1980-07-01,0.0060518013060386,,,,
1980-08-01,0.0011495390203017,,,,
1980-09-01,0.0011216993673786,,,,
1980-10-01,0.0010905769926248,,,,
1980-11-01,-0.0012799435059416,,,,
1980-12-01,-8.653513326417617e-05,,,,
1981-01-01,-8.49473326538508e-05,,,,
1981-02-01,-0.0023561301084236,,,,
1981-03-01,-0.0011748409603939,,,,
1981-04-01,0.001090665876219,,,,
1981-05-01,0.0021846108802627,,,,
1981-06-01,0.0021311061426363,,,,
1981-07-01,-0.0033994505328622,,,,
1981-08-01,0.0021111150622901,,,,
1981-09-01,-0.0065390467181274,,,,
1981-10-01,0.001060313678046,,,,
1981-11-01,-0.001084361003182,,,,
1981-12-01,-1.019647473876617e-05,,,,
1982-01-01,-1.013166663677012e-05,,,,
1982-02-01,-0.0031779661016948,,,,
1982-03-01,0.0031678986272438,,,,
1982-04-01,0.0063057855832824,,,,
1982-05-01,0.0019965973327478,,,,
1982-06-01,-0.0063156423680164,,,,
1982-07-01,-0.0031033571239755,,,,
1982-08-01,-0.0020512820512821,,,,
1982-09-01,0.0040941658137154,,,,
1982-10-01,-0.0051135338055604,,,,
1982-11-01,-0.0020418564979508,,,,
1982-12-01,0.0051083073966535,,,,
1983-01-01,-0.0010256324472051,,,,
1983-02-01,-1.04229638742126e-06,,,,
1983-03-01,0.0061151677796502,,,,
1983-04-01,-0.0030869929469639,,,,
1983-05-01,-0.0020324539636935,,,,
1983-06-01,0.002008015836957,,,,
1983-07-01,-0.001018132845167,,,,
1983-08-01,-9.009027045037143e-06,,,,
1983-09-01,0.0009870607480169,,,,
1983-10-01,-0.0010078732688294,,,,
1983-11-01,-8.83142574514828e-06,,,,
1983-12-01,0.0039359940067538,,,,
1984-01-01,-0.0020061934097945,,,,
1984-02-01,-0.0019731830392173,,,,
1984-03-01,0.0009632925852043,,,,
1984-04-01,-0.0019511607713198,,,,
1984-05-01,-3.7412723132845822e-06,,,,
1984-06-01,0.0019249134674064,,,,
1984-07-01,-0.0009754362367613,,,,
1984-08-01,-8.281162012790944e-06,,,,
1984-09-01,0.0009468761321345,,,,
1984-10-01,-0.0019174897786888,,,,
1984-11-01,-3.6143391677345704e-06,,,,
1984-12-01,-3.6006355121909195e-06,,,,
1985-01-01,0.0037807081653788,,,,
1985-02-01,-0.0009727739008231,,,,
1985-03-01,-0.002831009685682,,,,
1985-04-01,-3.500297525382834e-06,,,,
1985-05-01,0.0009293485841819,,,,
1985-06-01,-0.0009380423464075,,,,
1985-07-01,-3.454902722799247e-06,,,,
1985-08-01,-3.442094927974537e-06,,,,
1985-09-01,0.0018467094021858,,,,
1985-10-01,0.0009080174100615,,,,
1985-11-01,-2.113896757283129e-05,,,,
1985-12-01,-0.000934187926773,,,,
1986-01-01,-0.0054728042512705,,,,
1986-02-01,-0.0036496259548126,,,,
1986-03-01,0.0018031010329814,,,,
1986-04-01,0.0064262507409877,,,,
1986-05-01,0.0009098351662264,,,,
1986-06-01,-0.0027556479881927,,,,
1986-07-01,-8.347733171376603e-07,,,,
1986-08-01,0.002736393027364,,,,
1986-09-01,-0.0018314532183145,,,,
1986-10-01,-3.2997855139438315e-06,,,,
1986-11-01,0.0018083063731291,,,,
1986-12-01,0.0017919740490766,,,,
1987-01-01,-0.0018244981819832,,,,
1987-02-01,-1.284674158452681e-05,,,,
1987-03-01,0.0008785104544337,,,,
1987-04-01,-0.0017943936467867,,,,
1987-05-01,0.0017628444221089,,,,
1987-06-01,-0.0017816069548943,,,,
1987-07-01,0.0017505013045531,,,,
1987-08-01,-0.0008941105560398,,,,
1987-09-01,-0.0008840438101298,,,,
1987-10-01,0.0008627421250144,,,,
1987-11-01,-0.0017451586165324,,,,
1987-12-01,0.0017271053594238,,,,
1988-01-01,-0.0017360696814223,,,,
1988-02-01,0.0008576176627692,,,,
1988-03-01,0.0034268280971834,,,,
1988-04-01,-0.0034488567285297,,,,
1988-05-01,0.0016955921864787,,,,
1988-06-01,-1.8031013342856284e-05,,,,
1988-07-01,-1.7878852892838637e-05,,,,
1988-08-01,-1.7728610431477776e-05,,,,
1988-09-01,-0.0008544003375408,,,,
1988-10-01,-1.1166906871640236e-05,,,,
1988-11-01,-1.1092646476473789e-05,,,,
1988-12-01,0.0008174812898711,,,,
1989-01-01,-0.0008421720382478,,,,
1989-02-01,0.0016338804933127,,,,
1989-03-01,0.0024307649237658,,,,
1989-04-01,-0.0024908893412269,,,,
1989-05-01,-0.0016404563594611,,,,
1989-06-01,-1.0422658337949642e-05,,,,
1989-07-01,-0.0032232070910556,,,,
1989-08-01,0.0024096385542169,,,,
1989-09-01,0.0023980537534753,,,,
1989-10-01,-0.0008204514783463,,,,
1989-11-01,-0.0008101161272013,,,,
1989-12-01,0.0063240629463114,,,,
1990-01-01,-0.0055796190210051,,,,
1990-02-01,0.0007659313725489,,,,
1990-03-01,-0.0023546850699842,,,,
1990-04-01,-0.0007812245498761,,,,
1990-05-01,0.0046451563278389,,,,
1990-06-01,-0.0015778090636366,,,,
1990-07-01,0.0038101811296045,,,,
1990-08-01,-0.0015902129988702,,,,
1990-09-01,-4.645294488714313e-05,,,,
1990-10-01,-0.00454357726797,,,,
1990-11-01,0.0014908402193818,,,,
1990-12-01,-1.3933367293494923e-05,,,,
1991-01-01,-0.0029833919169053,,,,
1991-02-01,-0.0007423904974017,,,,
1991-03-01,0.0022255192878337,,,,
1991-04-01,0.0014754429623513,,,,
1991-05-01,-0.0007511097428103,,,,
1991-06-01,-0.0014792642720806,,,,
1991-07-01,0.0014662693271141,,,,
1991-08-01,-8.599875731762907e-06,,,,
1991-09-01,-0.001468403672078,,,,
1991-10-01,0.0029133238279672,,,,
1991-11-01,-0.001470420222827,,,,
1991-12-01,-0.0021791686182912,,,,
1992-01-01,0.0014456083955156,,,,
1992-02-01,0.0014383062105405,,,,
1992-03-01,-0.0014507818246134,,,,
1992-04-01,-4.6414385574955475e-06,,,,
1992-05-01,0.0007111981094969,,,,
1992-06-01,-8.17495632787768e-06,,,,
1992-07-01,-0.0007198721807757,,,,
1992-08-01,-4.549498544337283e-06,,,,
1992-09-01,0.0021216215127892,,,,
1992-10-01,-0.0014294381227846,,,,
1992-11-01,-0.0014154056726478,,,,
1992-12-01,0.0021062439078909,,,,
1993-01-01,-0.0014128631072951,,,,
1993-02-01,-0.0007032162970006,,,,
1993-03-01,0.0020915594919201,,,,
1993-04-01,-0.0007075423627647,,,,
1993-05-01,-0.0020881598922832,,,,
1993-06-01,0.0006925201099954,,,,
1993-07-01,0.0006901231814728,,,,
1993-08-01,-0.0006949090978609,,,,
1993-09-01,0.0027567155648695,,,,
1993-10-01,-0.0013906782872299,,,,
1993-11-01,-0.0006924582267047,,,,
1993-12-01,-0.002054794520548,,,,
1994-01-01,0.0027341079972658,,,,
1994-02-01,-7.454963864228503e-06,,,,
1994-03-01,-0.0020468433801046,,,,
1994-04-01,0.001358233824964,,,,
1994-05-01,0.0006738209285186,,,,
1994-06-01,0.0006687982030919,,,,
1994-07-01,0.0006624640747645,,,,
1994-08-01,-0.0020297038658441,,,,
1994-09-01,-0.0013436304544249,,,,
1994-10-01,0.002007583806985,,,,
1994-11-01,-0.000674705944383,,,,
1994-12-01,0.0006622198463153,,,,
1995-01-01,-7.082764314381151e-06,,,,
1995-02-01,-0.0006697357383935,,,,
1995-03-01,0.0019801823976777,,,,
1995-04-01,-0.0019919693832739,,,,
1995-05-01,-3.897997209012516e-06,,,,
1995-06-01,-0.000660050629766,,,,
1995-07-01,0.0006535880262674,,,,
1995-08-01,-0.0006578795107605,,,,
1995-09-01,0.0013046269830523,,,,
1995-10-01,-0.0013097398604733,,,,
1995-11-01,-1.6954217252340698e-06,,,,
1995-12-01,0.0038969444624112,,,,
1996-01-01,-0.0032589434034222,,,,
1996-02-01,0.0012865692182579,,,,
1996-03-01,0.0006327144487086,,,,
1996-04-01,-0.001936675929149,,,,
1996-05-01,-3.686403397651361e-06,,,,
1996-06-01,-3.672288259704004e-06,,,,
1996-07-01,-0.0006406009291965,,,,
1996-08-01,0.0019067762272897,,,,
1996-09-01,-1.0084532586107642e-05,,,,
1996-10-01,-1.0020787120756935e-05,,,,
1996-11-01,-0.0006400773669119,,,,
1996-12-01,-0.0006348723542199,,,,
1997-01-01,-3.5488203329325785e-06,,,,
1997-02-01,-0.0012558836400431,,,,
1997-03-01,-3.918486086718076e-07,,,,
1997-04-01,-0.0006257822277846,,,,
1997-05-01,0.0018761726078797,,,,
1997-06-01,-0.0006277331571931,,,,
1997-07-01,0.0012453261353482,,,,
1997-08-01,-6.2033969803199085e-06,,,,
1997-09-01,-0.0006265200054316,,,,
1997-10-01,-0.0006226520907437,,,,
1997-11-01,-0.0006199609030212,,,,
1997-12-01,0.0006176647532816,,,,
1998-01-01,-0.0012360939431395,,,,
1998-02-01,0.0,,,,
1998-03-01,0.0012345679012344,,,,
1998-04-01,0.0012315233441417,,,,
1998-05-01,-0.001236078945253,,,,
1998-06-01,0.0012269901568791,,,,
1998-07-01,-0.0012315122609238,,,,
1998-08-01,-0.0006134950920393,,,,
1998-09-01,0.0018344880763889,,,,
1998-10-01,-0.0012262269266147,,,,
1998-11-01,0.0006078973110863,,,,
1998-12-01,-3.3360466515919285e-06,,,,
1999-01-01,-0.001824817518248,,,,
1999-02-01,0.0006071645415908,,,,
1999-03-01,0.0060675927399624,,,,
1999-04-01,-0.0060719845268819,,,,
1999-05-01,-0.0006027727546713,,,,
1999-06-01,0.0042168674698794,,,,
1999-07-01,-0.0018173473738987,,,,
1999-08-01,0.0017895882223915,,,,
1999-09-01,-0.0024012656485272,,,,
1999-10-01,-3.1906769835110538e-06,,,,
1999-11-01,0.0005906449192525,,,,
1999-12-01,0.0005867883959429,,,,
2000-01-01,0.0011725868715057,,,,
2000-02-01,0.0017476807616136,,,,
2000-03-01,-0.0064671482628138,,,,
2000-04-01,0.0023402078435799,,,,
2000-05-01,0.0040857089733845,,,,
2000-06-01,-0.0029375210307509,,,,
2000-07-01,-0.0029036004645761,,,,
2000-08-01,0.0052113491603937,,,,
2000-09-01,-0.0034832385613152,,,,
2000-10-01,-2.9812143746976716e-06,,,,
2000-11-01,0.0005710818667312,,,,
2000-12-01,0.0034311656099623,,,,
2001-01-01,-0.0034494725333791,,,,
2001-02-01,-0.0017097225098365,,,,
2001-03-01,0.0011353956945951,,,,
2001-04-01,0.0033984633035495,,,,
2001-05-01,-0.0028459776465579,,,,
2001-06-01,-0.0039443017741578,,,,
2001-07-01,0.0016882386043892,,,,
2001-08-01,0.0039458850056368,,,,
2001-09-01,-0.0067532965721724,,,,
2001-10-01,0.0022443485034725,,,,
2001-11-01,-3.172186270328226e-07,,,,
2001-12-01,0.0022544738555344,,,,
2002-01-01,-2.8549694548463123e-06,,,,
2002-02-01,0.0011207501596555,-0.000776601832424648,-6.20719790543641e-06,0.0022544738555344,1.0
2002-03-01,0.0016728039530418,0.0005014191799347012,1.1704119850189853e-05,-2.8549694548463123e-06,1.0
2002-04-01,-0.0033663437488771,-0.0013425809580873054,5.474558707681524e-06,0.0011207501596555,1.0
2002-05-01,-0.0005583459041429,-0.0013447497621443478,-3.482598017631637e-05,0.0016728039530418,1.0
2002-06-01,0.0016700684281381,0.001060111613506053,-4.547157699669427e-05,-0.0033663437488771,1.0
2002-07-01,0.0005506062855729,-0.0005863401814799429,-1.219778201271718e-05,-0.0005583459041429,1.0
2002-08-01,-0.0011157279162818,-0.0004215321192481179,3.0270655270678115e-06,0.0016700684281381,1.0
2002-09-01,0.0005503395190349,0.00031233153853805183,6.9252077562357335e-06,0.0005506062855729,1.0
2002-10-01,-0.000556760241458,7.824684334861037e-05,-7.840735138266348e-06,-0.0011157279162818,1.0
2002-11-01,-2.7365770891574215e-06,-0.0008234601896933067,1.1145821378826983e-05,0.0005503395190349,1.0
2002-12-01,0.0027475474820206,0.0007143545504183606,1.9642154382417138e-05,-0.000556760241458,1.0
2003-01-01,0.0010760112155794,-0.00033660619690093803,9.805654738113391e-06,-2.7365770891574215e-06,1.0
2003-02-01,-0.0038424643314791,-0.0010949182768204212,1.8562503333048797e-05,0.0027475474820206,1.0
2003-03-01,-0.0054404034588279,-0.0018530285981111908,2.556578186833458e-06,0.0010760112155794,1.0
2003-04-01,0.0021688619455705,0.00041548628603766747,-4.559163530682529e-05,-0.0038424643314791,1.0
2003-05-01,0.0027310482975639,0.002025980923131097,-2.369223992126529e-05,-0.0054404034588279,1.0
2003-06-01,0.0021834041576052,0.0008599094346363095,-3.844313832692787e-06,0.0021688619455705,1.0
2003-07-01,0.0010780286405986,-0.0012939854171473923,-3.1135291633252907e-06,0.0027310482975639,1.0
2003-08-01,-0.0011028939902899,-0.0008120724837810917,5.620477027364697e-06,0.0021834041576052,1.0
2003-09-01,-0.0043325295489582,-0.0006713620080082943,1.062623013844445e-06,0.0010780286405986,1.0
2003-10-01,0.0016213299112723,-0.0014326101536096337,-2.110233655688514e-05,-0.0011028939902899,1.0
2003-11-01,0.0021618698200633,0.0010751642048937053,-1.0147323306461384e-05,-0.0043325295489582,1.0
2003-12-01,0.0016099657609092,-0.0008041288581675423,-1.1027347822595203e-06,0.0016213299112723,1.0
2004-01-01,-0.0021655938527693,-0.0012054778275122093,-1.0794519139945349e-05,0.0021618698200633,1.0
2004-02-01,-4.600052727843362e-06,-0.0012616996034778847,-1.1458687652340353e-05,0.0016099657609092,1.0
2004-03-01,-0.0005390539274359,8.496822859758421e-05,-3.256258541967622e-06,-0.0021655938527693,1.0
2004-04-01,0.0026655228058205,0.0006152312661797941,-9.516035677968457e-06,-4.600052727843362e-06,1.0
2004-05-01,-0.0005494960401124,-0.00010290443420067738,9.720145893449475e-06,-0.0005390539274359,1.0
2004-06-01,-0.0026606861470486,-0.0005315886625513709,7.446167694286498e-06,0.0026655228058205,1.0
2004-07-01,-0.0005299405195655,-0.0004896248895252182,-1.1660497365942672e-05,-0.0005494960401124,1.0
2004-08-01,0.0026424266275213,0.00042802353254992384,-9.804265210960182e-06,-0.0026606861470486,1.0
2004-09-01,0.0020974565415468,0.0002544553528644182,1.2403505787652162e-06,-0.0005299405195655,1.0
2004-10-01,-0.0005517227667655,-0.0005903577056815342,6.03443561798313e-06,0.0026424266275213,1.0
2004-11-01,-0.0047169811320753,-0.0008978299439648819,1.172513150099687e-05,0.0020974565415468,1.0
2004-12-01,-0.0005216484089722,-0.0010513379865407374,-7.913896802784656e-06,-0.0005517227667655,1.0
2005-01-01,0.0046970137534398,0.0014039565101715103,-1.007242919220137e-05,-0.0047169811320753,1.0
2005-02-01,-0.000537111706214,0.0007441596782890294,-6.25448924194719e-06,-0.0005216484089722,1.0
2005-03-01,-0.000531055295426,-0.0016682154003328105,-4.439230097742608e-06,0.0046970137534398,1.0
2005-04-01,-0.0036234606040561,-0.0003893639532951159,5.1439131949907365e-06,-0.000537111706214,1.0
2005-05-01,0.0010327911868484,0.00011601983739309305,-9.939254748887283e-06,-0.000531055295426,1.0
2005-06-01,0.0056786182091248,0.0007913257834320424,-9.50824390444352e-06,-0.0036234606040561,1.0
2005-07-01,-3.8143543159119275e-05,0.0003159026772181895,1.8061175076941055e-05,0.0010327911868484,1.0
2005-08-01,0.0076114818750132,-0.002085993396564826,1.7916639075123068e-05,0.0056786182091248,1.0
2005-09-01,-0.0122594311406429,-0.0009616459635436042,4.964548894987797e-05,-3.8143543159119275e-05,1.0
2005-10-01,-0.0065316560336402,-0.00428947252422025,-9.130096645241632e-06,0.0076114818750132,1.0
2005-11-01,0.0050226017076845,0.001821952191879187,-4.012873599399873e-05,-0.0122594311406429,1.0
2005-12-01,0.0060575466935892,0.004035486666239904,-1.9113149847093177e-05,-0.0065316560336402,1.0
2006-01-01,-0.0055557905470764,-0.0005149798956799461,1.001907773774934e-05,0.0050226017076845,1.0
2006-02-01,0.0010027573941089,-0.0015966273409609686,9.673301505224767e-06,0.0060575466935892,1.0
2006-03-01,0.0035029977262786,0.0012436607791014352,2.9058232125731e-05,-0.0055557905470764,1.0
2006-04-01,-0.0020179746450765,0.00040680984839626183,3.6141135014469363e-05,0.0010027573941089,1.0
2006-05-01,-0.0005056816789523,-0.0016435513800691212,9.568625725351832e-07,0.0035029977262786,1.0
2006-06-01,0.0029670865833921,0.0007794858865209667,-4.941124282376058e-06,-0.0020179746450765,1.0
2006-07-01,-0.0010152589239964,-5.715935086457891e-05,1.890360309922724e-05,-0.0005056816789523,1.0
2006-08-01,-0.0093424539467225,-0.0014359319743904525,1.4676835804730349e-05,0.0029670865833921,1.0
2006-09-01,0.00046890152197,-0.0006801489046702718,-3.565169325396342e-05,-0.0010152589239964,1.0
2006-10-01,0.0049331645228319,0.004532633699099591,-2.6066881836111326e-05,-0.0093424539467225,1.0
2006-11-01,0.0049502498541087,0.0014719075118629554,-5.498280551336984e-06,0.00046890152197,1.0
2006-12-01,-0.0037862634121608,-0.0004737929086398057,7.593150619411354e-06,0.0049331645228319,1.0
2007-01-01,0.0022190694035746,-0.002218910839840894,-1.5649505469077837e-05,0.0049502498541087,1.0
2007-02-01,0.0013217708882282,0.00014628042036217133,1.1986928040796878e-06,-0.0037862634121608,1.0
2007-03-01,-0.0021994589501725,-0.0007273683050577023,6.75959959496605e-06,0.0022190694035746,1.0
2007-04-01,0.001132331532704,-0.00153115574936586,-6.0652729242264464e-06,0.0013217708882282,1.0
2007-05-01,-0.0018162423056666,-8.647629363970418e-06,6.129415323651463e-06,-0.0021994589501725,1.0
2007-06-01,-0.0005361558627907,-0.0014655340866854185,-8.783446042079784e-06,0.001132331532704,1.0
2007-07-01,-0.0014723151393185,0.00021385378886718182,-3.594066491648118e-06,-0.0018162423056666,1.0
2007-08-01,0.003929272681912,-0.000879696021379774,-1.7022468341113108e-05,-0.0005361558627907,1.0
2007-09-01,-0.0011543155594848,0.0011320782911422357,3.0749618170193908e-06,-0.0014723151393185,1.0
2007-10-01,0.0047756464366102,-0.002615360208596191,1.948829528040243e-06,0.003929272681912,1.0
2007-11-01,-0.0049608697161578,3.777020574339499e-05,1.825259749302274e-05,-0.0011543155594848,1.0
2007-12-01,0.0005496905252377,-0.002980881045950758,4.853801244583577e-06,0.0047756464366102,1.0
2008-01-01,-0.0010298781990305,-0.00017047992872772533,-5.209389785850819e-08,-0.0049608697161578,1.0
2008-02-01,0.001160200928179,-0.00014479650003173362,2.8903706121073263e-06,0.0005496905252377,1.0
2008-03-01,-0.0012636467859172,-0.0003056012805568005,4.1511342179814874e-06,-0.0010298781990305,1.0
2008-04-01,0.0036031106364156,-0.0009932302349688095,-1.5392511128271013e-05,0.001160200928179,1.0
2008-05-01,0.0045607433532337,-0.0004872490422718942,1.3990686225667742e-05,-0.0012636467859172,1.0
2008-06-01,-0.0033367902583298,-0.002779853806700393,2.592881608714688e-05,0.0036031106364156,1.0
2008-07-01,-0.0086299204793216,-0.0037246726207371367,1.2100652566367966e-05,0.0045607433532337,1.0
2008-08-01,0.0023435674100906,-0.0014909638183291303,-2.3782854210418546e-05,-0.0033367902583298,1.0
2008-09-01,-0.0094535282471186,0.0018823281597422584,-1.3944120791576554e-05,-0.0086299204793216,1.0
2008-10-01,-0.0091070405198968,-0.0018459331647184042,-4.977382041481741e-05,0.0023435674100906,1.0
2008-11-01,0.0094719546853222,0.0056168027953051956,-8.767329380242224e-05,-0.0094535282471186,1.0
2008-12-01,0.0107642937406646,0.006838719850097107,-4.816059658659443e-05,-0.0091070405198968,1.0
2009-01-01,0.0011118893109258,2.5304826076408857e-05,-6.715544708288166e-06,0.0094719546853222,1.0
2009-02-01,-0.0046299435087258,-0.003928088263795637,1.4263775799351806e-06,0.0107642937406646,1.0
2009-03-01,0.0019943653761271,-0.0007454725737831811,-2.4672889095225252e-05,0.0011118893109258,1.0
2009-04-01,0.0004644113993332,-0.0004706801830373949,-2.6491220543719833e-05,-0.0046299435087258,1.0
2009-05-01,0.0068281183277003,-0.001356076633851434,-1.4177467458052747e-05,0.0019943653761271,1.0
2009-06-01,-0.0085975777012524,0.00013342888191438586,2.1108260405119755e-05,0.0004644113993332,1.0
2009-07-01,0.0036464188324231,-0.004380671325818156,-1.467155227369046e-05,0.0068281183277003,1.0
2009-08-01,-0.0014175661443924,0.0020654744309463536,1.3951889074137454e-05,-0.0085975777012524,1.0
2009-09-01,0.0010710445653032,-0.0011280848935948376,-1.9947971700679787e-06,0.0036464188324231,1.0
2009-10-01,0.0003466587910638,0.0002802481559820943,-7.524002120785043e-06,-0.0014175661443924,1.0
2009-11-01,-0.0028284141901249,0.0002829181499532363,-2.6610426649096378e-06,0.0010710445653032,1.0
2009-12-01,0.0001285558119819,-0.0019332284743923723,-1.107061792709132e-05,0.0003466587910638,1.0
2010-01-01,-0.0016005088613708,0.0004431300897073562,-3.6885230986797584e-05,-0.0028284141901249,1.0
2010-02-01,0.0012831447859384,-0.0006933693048223745,-2.030560532165466e-05,0.0001285558119819,1.0
2010-03-01,-0.0001013276030503,0.0009737843424851615,-1.8150549432531756e-05,-0.0016005088613708,1.0
2010-04-01,-0.0007498125694063,0.00010944840516303756,-8.761559986973817e-06,0.0012831447859384,1.0
2010-05-01,0.0001009768777205,0.00013846103584993846,-8.630676735016331e-06,-0.0001013276030503,1.0
2010-06-01,0.0022880487002266,0.0018906866922685655,-2.7564757777176314e-05,-0.0007498125694063,1.0
2010-07-01,-0.0004078900619832,0.0011810438607157356,-1.1457017094412991e-05,0.0001009768777205,1.0
2010-08-01,0.0001538859432617,-0.0003324993242031538,-2.9032313726028374e-05,0.0022880487002266,1.0
2010-09-01,0.0018665968718503,0.0007157934871444176,-2.1765234800478793e-05,-0.0004078900619832,1.0
2010-10-01,-0.0009480046713268,-3.2063127323686026e-05,-1.3794193897406083e-05,0.0001538859432617,1.0
2010-11-01,0.0014827347233434,-0.0022012983989582527,1.1873585886072288e-06,0.0018665968718503,1.0
2010-12-01,-0.000773534146458,-0.0005267407703345931,1.1535856884472357e-06,-0.0009480046713268,1.0
2011-01-01,-2.8567570306003987e-05,-0.000748540628856728,-2.0114175580715263e-06,0.0014827347233434,1.0
2011-02-01,0.0019590735767696,-0.00013336262804728794,1.0300350552758874e-05,-0.000773534146458,1.0
2011-03-01,-0.0004794492317345,-0.0010224662600230978,2.1556450861805967e-05,-2.8567570306003987e-05,1.0
2011-04-01,-0.0015123842405915,0.0003302283952491644,1.0285748696938448e-05,0.0019590735767696,1.0
2011-05-01,-0.0031817147345076,-0.0013297238520843027,-2.1635313153232107e-06,-0.0004794492317345,1.0
2011-06-01,0.002620036831757,0.0001653038494196119,-1.2291052114061979e-05,-0.0015123842405915,1.0
2011-07-01,0.0005344253346617,0.002738531921860911,4.78936915192805e-06,-0.0031817147345076,1.0
2011-08-01,-0.0009829143083344,0.0014377179616995284,9.06685850043028e-07,0.002620036831757,1.0
2011-09-01,-0.001496340331065,0.0011298313098437565,-3.152957619134613e-06,0.0005344253346617,1.0
2011-10-01,0.0011726425281075,-0.0004109510116150105,-3.269360364913814e-06,-0.0009829143083344,1.0
2011-11-01,-0.001610141564972,0.0008414177703759034,-1.0522199114329219e-05,-0.001496340331065,1.0
2011-12-01,0.0024864875639418,-2.910431450850695e-05,-1.1104371373266724e-05,0.0011726425281075,1.0
2012-01-01,-0.0005867499291505,0.0015752071691457932,8.335862719370795e-06,-0.001610141564972,1.0
2012-02-01,-4.397573791692366e-05,-3.8445319825304006e-06,-1.3229696673797917e-07,0.0024864875639418,1.0
2012-03-01,-0.0004326820370224,-0.0007542801685962459,-6.308471751977248e-06,-0.0005867499291505,1.0
2012-04-01,-0.0037289684823879,-0.00016051729226906772,-2.0663893036814195e-06,-4.397573791692366e-05,1.0
2012-05-01,0.0012418169610703,0.0005811493725521222,-1.7584418652974748e-05,-0.0004326820370224,1.0
2012-06-01,0.0011151730993707,0.0017891341184943612,-1.537350677141892e-05,-0.0037289684823879,1.0
2012-07-01,0.0055207180477918,0.001128705335579811,-1.0692889872674853e-05,0.0012418169610703,1.0
2012-08-01,-0.0010382616983095,0.0005889983585441684,1.530956941302305e-05,0.0011151730993707,1.0
2012-09-01,-0.0020744716971037,-0.0025784291993953107,1.1002435247334885e-05,0.0055207180477918,1.0
2012-10-01,-0.0043761390748652,-0.0006272762003698734,-6.481286460552215e-06,-0.0010382616983095,1.0
2012-11-01,0.0015582628897494,0.000293809067418678,-1.8759207094221378e-05,-0.0020744716971037,1.0
2012-12-01,0.0021018705468579,0.0015943435719872818,-6.36892141756639e-06,-0.0043761390748652,1.0
2013-01-01,0.0034491378099201,0.0012967751677526616,-6.387143755203909e-06,0.0015582628897494,1.0
2013-02-01,-0.0082418458546908,-0.0007243087555570786,1.3871193399859427e-05,0.0021018705468579,1.0
2013-03-01,0.0007239398360087,-0.0017933221721598625,-1.7539763090516414e-05,0.0034491378099201,1.0
2013-04-01,0.0025021347560828,0.003213151838094583,-2.3238178323480548e-05,-0.0082418458546908,1.0
2013-05-01,0.0019662527160069,-0.0008006098841312327,-9.864523661615975e-06,0.0007239398360087,1.0
2013-06-01,-0.0004229559049642,-1.2212744562943307e-05,7.028862206259445e-06,0.0025021347560828,1.0
2013-07-01,0.0004298383821519,-0.0006146381835647091,2.381045477261097e-06,0.0019662527160069,1.0
2013-08-01,-0.0020103459907627,-0.00015604744528514234,1.2965254800906991e-06,-0.0004229559049642,1.0
2013-09-01,0.0001582863566056,0.0008887551991018212,-4.184461573666804e-06,0.0004298383821519,1.0
2013-10-01,0.0013092583788132,0.0009549701394053001,-1.5011249941433045e-05,-0.0020103459907627,1.0
2013-11-01,0.0007996797311269,0.0005446210118547492,-3.7615138329201638e-06,0.0001582863566056,1.0
2013-12-01,-0.0002199938680256,0.0002734997613105894,2.455727658044857e-06,0.0013092583788132,1.0
2014-01-01,-0.0013233966702095,-0.0004965610524906974,1.0100730376888169e-05,0.0007996797311269,1.0
2014-02-01,0.000941276680821,-0.000908575226001662,-6.805539070925561e-06,-0.0002199938680256,1.0
2014-03-01,-0.0001778696959675,0.0009548126383823624,-2.8524905514037924e-06,-0.0013233966702095,1.0
2014-04-01,3.882029844959334e-05,0.0007504415978799556,4.9348997991674785e-06,0.000941276680821,1.0
2014-05-01,-0.0005818736974674,0.00023110123091358165,-5.626565613092209e-07,-0.0001778696959675,1.0
2014-06-01,-0.0001956469195869,0.0003667529517090305,-5.79471750291757e-06,3.882029844959334e-05,1.0
2014-07-01,-0.0012854866338725,-0.00032203039201368454,-9.396572180745868e-06,-0.0005818736974674,1.0
2014-08-01,0.0002315923521805,0.0009840236886800482,-1.751303346673338e-05,-0.0001956469195869,1.0
2014-09-01,-0.000269504908042,-0.0008135799356301019,-8.09096589163087e-06,-0.0012854866338725,1.0
2014-10-01,-0.0016847462492247,0.0008361242540520883,-3.6154427817021367e-06,0.0002315923521805,1.0
2014-11-01,-0.0012019492920932,0.0009172522343080829,-1.900015134924255e-05,-0.000269504908042,1.0
2014-12-01,-0.0032857069972063,0.0013461079067785971,-2.1196998631368393e-05,-0.0016847462492247,1.0
2015-01-01,0.0089049601219829,0.0014152686795170157,-3.7646693812708395e-05,-0.0012019492920932,1.0
2015-02-01,0.000159308100595,0.0024848680264208784,-5.131817864697279e-07,-0.0032857069972063,1.0
2015-03-01,-0.0016514728846535,-0.0023423860170275926,2.9411675426490366e-06,0.0089049601219829,1.0
2015-04-01,0.0022552664450878,-0.00011886785086362114,-1.2190729467064316e-05,0.000159308100595,1.0
2015-05-01,-0.000529824530786,0.0006861506220547882,5.506086484442756e-06,-0.0016514728846535,1.0
2015-06-01,-0.0011816010302734,-0.0018858810611109493,3.314725927871963e-06,0.0022552664450878,1.0
2015-07-01,-0.0015905208607052,-0.00013415284989682692,1.1415992590911598e-06,-0.000529824530786,1.0
2015-08-01,-0.0022433864388596,0.0008287116961440738,-8.208854436628026e-06,-0.0011816010302734,1.0
2015-09-01,0.0032370695360682,0.0003538626978425582,-1.48151333037076e-05,-0.0015905208607052,1.0
2015-10-01,0.0002051354743601,0.0020030575272796413,-6.76328933280804e-06,-0.0022433864388596,1.0
2015-11-01,-0.0022701709179069,-0.0010897608063508248,-4.5130877100220866e-07,0.0032370695360682,1.0
2015-12-01,0.0006171098637821,0.0003208039315172463,-9.903290005092475e-06,0.0002051354743601,1.0
2016-01-01,-0.0008712317605084,0.0011918966815443262,-2.3569267499380378e-05,-0.0022701709179069,1.0
2016-02-01,0.0044644715618267,0.0018413507490134232,-1.362046898723954e-05,0.0006171098637821,1.0
2016-03-01,0.0006958489230457,0.001813696221510643,-3.792092223695552e-07,-0.0008712317605084,1.0
2016-04-01,-0.0014665492919723,-0.0018592539169453096,-1.1614891263160132e-07,0.0044644715618267,1.0
2016-05-01,0.0004118614185093,-0.0002446836387264107,1.842712075604648e-06,0.0006958489230457,1.0
2016-06-01,-0.0032796580313061,0.00021149317976183616,3.5741613335502697e-06,-0.0014665492919723,1.0
2016-07-01,0.0023529225293106,0.00017538893563990877,-1.0075779262476408e-05,0.0004118614185093,1.0
2016-08-01,0.0007739880085935,0.00095357868580873,2.3972351479698788e-06,-0.0032796580313061,1.0
2016-09-01,-0.0002805222964983,-0.00021358824355109782,-2.322715763264299e-06,0.0023529225293106,1.0
2016-10-01,-0.0011637397811556,-0.001387811090987076,-3.4495397795650677e-06,0.0007739880085935,1.0
2016-11-01,0.001345574442005,-0.0004575778612209391,-8.256702254710246e-06,-0.0002805222964983,1.0
2016-12-01,0.0015185545360394,-0.0005711814281185652,1.6846949110192686e-08,-0.0011637397811556,1.0
2017-01-01,-0.0024504193378058,0.0005056985589146292,8.989458991857256e-06,0.001345574442005,1.0
2017-02-01,-0.0020598589831992,-0.0013105507528712284,-1.2058348309463098e-06,0.0015185545360394,1.0
2017-03-01,0.0017013544479302,0.0006443645727565376,-4.555732094096741e-06,-0.0024504193378058,1.0
2017-04-01,-0.002008130781797,0.0011822397242728408,2.5348774748152187e-06,-0.0020598589831992,1.0
2017-05-01,0.0014256066218815,0.0010270209561224813,-3.2249081669031273e-06,0.0017013544479302,1.0
2017-06-01,-0.0003239786902897,0.0010123043339775994,-5.102266441895615e-06,-0.002008130781797,1.0
2017-07-01,0.0035209761917527,0.0005524557301776871,-3.836622829798125e-06,0.0014256066218815,1.0
2017-08-01,0.0012577637577095,0.0001836702362527716,5.645252405220613e-06,-0.0003239786902897,1.0
2017-09-01,-0.0043313376759839,-0.0016514632921753477,1.0911782216428187e-05,0.0035209761917527,1.0
2017-10-01,0.0018929551832378,-0.0016545139528071813,-4.524958077539706e-06,0.0012577637577095,1.0
2017-11-01,-0.0005611181834965,0.0027317255107178755,5.956738897383212e-06,-0.0043313376759839,1.0
2017-12-01,0.0021464551187564,-0.00031942585585818535,6.2019168954028e-06,0.0018929551832378,1.0
2018-01-01,-0.0015610567629025,-9.853931618882989e-05,1.2571876751547807e-05,-0.0005611181834965,1.0
2018-02-01,-0.002499925189827,-0.0006488986991197771,1.121786500253531e-05,0.0021464551187564,1.0
2018-03-01,0.0024120442452799,0.0003822563862150221,8.015100449228034e-07,-0.0015610567629025,1.0
2018-04-01,-0.0003464568744637,0.0011379291551230093,5.707661478445701e-06,-0.002499925189827,1.0
2018-05-01,-0.0013568046095033,-4.027596814313077e-05,-8.672560990767915e-07,0.0024120442452799,1.0
2018-06-01,-0.0001203246731664,-0.0007436804942822197,-1.370279700119752e-06,-0.0003464568744637,1.0
2018-07-01,0.001006500271411,0.00029530820165585227,-6.984091491975972e-06,-0.0013568046095033,1.0
2018-08-01,0.000274960931778,0.00040964743616964713,2.340960726085682e-06,-0.0001203246731664,1.0
2018-09-01,0.0002772984423813,6.93245986038574e-05,6.042860825324431e-06,0.001006500271411,1.0
2018-10-01,-0.0030437720644899,-0.0006996908785172471,-4.454293163739323e-07,0.000274960931778,1.0
2018-11-01,0.0013890854645725,-0.00044756778240063826,-8.018534057520575e-06,0.0002772984423813,1.0
2018-12-01,-0.0014998733481157,0.0016508477374718117,-4.763583417994742e-06,-0.0030437720644899,1.0
2019-01-01,0.0038162349458563,0.00043757533963324915,-1.099915550742851e-05,0.0013890854645725,1.0
2019-02-01,0.0007805377749088,0.001247920518778646,1.2505229759672748e-05,-0.0014998733481157,1.0
2019-03-01,-2.2113512487154097e-05,-0.0016857727340465476,1.3227618231831065e-05,0.0038162349458563,1.0
2019-04-01,-0.0035128461190792,-0.0009786840288122036,-1.2146157820042074e-05,0.0007805377749088,1.0
2019-05-01,-0.0005719460958925,-0.0009100731719803618,-1.4830811208641601e-06,-2.2113512487154097e-05,1.0
2019-06-01,0.0026329889764108,0.001020088272766907,-1.3546367092858268e-06,-0.0035128461190792,1.0
2019-07-01,-0.0013931061487473,0.0005241904506622186,-7.954130432071687e-06,-0.0005719460958925,1.0
2019-08-01,0.0006240760823317,-7.746792873034099e-05,-6.186458660607511e-06,0.0026329889764108,1.0
2019-09-01,0.0012884361994955,0.0010877477208470218,-1.1042759244190025e-05,-0.0013931061487473,1.0
2019-10-01,-1.1859694218907537e-05,-0.00037132486063237355,4.330998455904578e-06,0.0006240760823317,1.0
2019-11-01,9.679591604538906e-05,-0.0007582961988944422,4.294877550757075e-06,0.0012884361994955,1.0
2019-12-01,-0.0009905543676653,0.00030099282629596354,2.2371733707274566e-06,-1.1859694218907537e-05,1.0
2020-01-01,-0.0014469934321172,0.0001110656222006424,-4.33508814430672e-06,9.679591604538906e-05,1.0
2020-02-01,-0.005003118165858,-0.00016075697276391683,-1.525000607606879e-05,-0.0009905543676653,1.0
2020-03-01,-0.0033917001088825,0.0005341816678680174,-4.33783349405338e-05,-0.0014469934321172,1.0
2020-04-01,0.0070218223440853,0.0023102513399169762,-3.056396763248668e-05,-0.005003118165858,1.0
2020-05-01,0.0057458244470404,0.019026415678315176,-1.105724054704753e-05,-0.0033917001088825,1.0
2020-06-01,0.0002489441451019,0.0029949564402344453,-4.140092740147932e-06,0.0070218223440853,1.0
2020-07-01,-0.0013651000992114,0.0039988842667864535,9.136845492572066e-06,0.0057458244470404,1.0
2020-08-01,-0.0011052037472634,0.0012633898739732611,1.554726368159166e-05,0.0002489441451019,1.0
2020-09-01,-0.0013876637077514,-0.0013444055891944913,-1.0771706766979593e-05,-0.0013651000992114,1.0
2020-10-01,0.001035657062232,-0.0005198856175331978,-2.0401448771304014e-06,-0.0011052037472634,1.0
2020-11-01,0.0020721767703495,0.0010939767714857951,2.2875146087308088e-06,-0.0013876637077514,1.0
2020-12-01,-0.0018963487765679,0.00034902812193888367,8.542076707140398e-06,0.001035657062232,1.0
2021-01-01,0.0009457153384524,-0.0009587014324419765,-1.3655899903402104e-05,0.0020721767703495,1.0
2021-02-01,0.0018475335926195,-4.285662566815593e-05,4.657382895895818e-06,-0.0018963487765679,1.0
2021-03-01,0.0009954441749342,-0.002956756041141885,1.9479283322795818e-05,0.0009457153384524,1.0
2021-04-01,0.0003964064338466,8.805410231568192e-05,1.88961519908754e-05,0.0018475335926195,1.0
2021-05-01,0.0018267273937215,-0.0016151468097928522,6.387581700446638e-06,0.0009954441749342,1.0
2021-06-01,-0.0038470398373384,-0.0010651578395441874,2.5857186034944126e-05,0.0003964064338466,1.0
2021-07-01,-0.0017718223786722,-0.00304050121883214,2.6262444105024992e-05,0.0018267273937215,1.0
2021-08-01,0.0016825918618053,-0.0009939964769461612,1.1845523342269143e-05,-0.0038470398373384,1.0
2021-09-01,0.005112684865282,-0.0007433368798586899,2.4151352429712327e-06,-0.0017718223786722,1.0
2021-10-01,-0.001071939447294,-0.0017747886717727154,5.1856724565697886e-05,0.0016825918618053,1.0
2021-11-01,-0.0016610323311327,-0.003291450041856052,3.803885810417081e-05,0.005112684865282,1.0
2021-12-01,-0.0008591909204043,-0.0020257169317108594,3.111921180206387e-05,-0.001071939447294,1.0
2022-01-01,0.0008803397171672,-0.0019883775384186464,1.8145608568985956e-05,-0.0016610323311327,1.0
2022-02-01,0.0042300354151734,-0.0012890880635754662,2.1825586429911147e-05,-0.0008591909204043,1.0
2022-03-01,-0.0080730634692636,-0.0022298103168267988,3.4780941661235725e-05,0.0008803397171672,1.0
2022-04-01,0.0064016449464852,-0.005104843720431676,-5.826839265036779e-06,0.0042300354151734,1.0
2022-05-01,0.0030760237464424,0.000815629183536953,3.487311363230614e-05,-0.0080730634692636,1.0
2022-06-01,-0.012710194272827,-0.0036701270119949563,5.001632050974489e-05,0.0064016449464852,1.0
2022-07-01,0.000773087101387,-0.003982591449518009,-9.90144074427637e-06,0.0030760237464424,1.0
2022-08-01,0.003618759933317,0.001229716302761023,-8.974437345050956e-06,-0.012710194272827,1.0
2022-09-01,0.0013520820847015,-0.0011148455696937478,1.0752595361610719e-05,0.000773087101387,1.0
2022-10-01,-0.0029807222767019,-0.0011737960598953044,1.4093189385221544e-05,0.003618759933317,1.0
2022-11-01,-0.0024600762129463,-0.0007705556540850599,3.993347571705287e-06,0.0013520820847015,1.0
2022-12-01,0.0051600662512991,-0.00043614797498987005,-6.24556757769948e-06,-0.0029807222767019,1.0
2023-01-01,-0.0018854892080431,0.000666226006956165,3.806593960960926e-06,-0.0024600762129463,1.0
2023-02-01,-0.0021978151912029,-0.0027084862204790716,-8.532991137466166e-06,0.0051600662512991,1.0
2023-03-01,0.002162021209755,0.00036433656470960735,-1.6802863863153326e-06,-0.0018854892080431,1.0
2023-04-01,-0.0017780520238104,-8.89780455445147e-05,2.9996483066113436e-05,-0.0021978151912029,1.0
2023-05-01,0.0006270659334943,-0.001972724718588824,1.3551008193693023e-05,0.002162021209755,1.0
2023-06-01,-0.0002846066044792,0.0004226066946773225,4.784415010069678e-06,-0.0017780520238104,1.0
2023-07-01,0.002878560704731,-0.0010035896280992192,-5.498963165281997e-06,0.0006270659334943,1.0
2023-08-01,-0.0009347919741193,-0.0004992394065704833,2.0032537686030154e-06,-0.0002846066044792,1.0
2023-09-01,-0.0025340660937935,-0.002803522727070003,2.7036788359805165e-06,0.002878560704731,1.0
2023-10-01,0.0001021330250448,-0.0010973431140298795,1.0197276565833456e-05,-0.0009347919741193,1.0
2023-11-01,0.0004554175914421,0.0013026839168715821,3.867289539885497e-06,-0.0025340660937935,1.0
2023-12-01,0.0011752855332514,0.001056655310744375,-3.242928079369499e-06,0.0001021330250448,1.0
2024-01-01,0.0009978546874034,-0.0008365046983512859,-5.0540956946103375e-06,0.0004554175914421,1.0
2024-02-01,0.0003337981892166,-0.0016889188742051323,8.126939889442608e-06,0.0011752855332514,1.0
2024-03-01,-0.0022606617179041,-0.00039484662230109316,9.536932564211114e-06,0.0009978546874034,1.0
2024-04-01,-0.0016850893345616,-0.00215884860559473,2.3635667705936118e-06,0.0003337981892166,1.0
2024-05-01,-0.0009038838006635,0.0005732066231108253,-1.5763983814331794e-05,-0.0022606617179041,1.0
2024-06-01,0.0020953770178032,0.0008065961624677753,-1.7240599483294732e-05,-0.0016850893345616,1.0
2024-07-01,-0.0001048587943406,0.001332021998190744,2.5763303702544746e-06,-0.0009038838006635,1.0
2024-08-01,0.0005611149858317,-0.00048396031375870594,4.347504225358221e-06,0.0020953770178032,1.0
2024-09-01,0.0007230617299514,-0.00013542207041525653,-4.324627615015118e-06,-0.0001048587943406,1.0
2024-10-01,-1.4472286356870256e-05,-0.0018377617939207486,-1.0051272663329297e-05,0.0005611149858317,1.0
2024-11-01,0.0005574571356166,-0.0006508696239110138,-7.81272899496001e-06,0.0007230617299514,1.0
2024-12-01,0.0008732329050002,-0.0017109770747984364,1.4164097120422919e-05,-1.4472286356870256e-05,1.0
2025-01-01,-0.0020215573070134,-0.0001541581942154065,1.9976102595307907e-05,0.0005574571356166,1.0
2025-02-01,-0.0019194762880736,-0.00029064150870446723,-8.017943489913771e-06,0.0008732329050002,1.0
2025-03-01,0.0012851286090416,0.00107034881842829,-1.3777795914328773e-05,-0.0020215573070134,1.0
2025-04-01,-0.0006238981951558,0.0016324705433284977,-6.210362979047113e-06,-0.0019194762880736,1.0
2025-05-01,0.001549136939229,-0.0004157685389729344,6.2878137247041355e-06,0.0012851286090416,1.0
2025-06-01,-0.0002584400865717,0.0009278310886437642,8.439254359623289e-06,-0.0006238981951558,1.0
2025-07-01,0.0011991343169088,-0.0010214770842399599,-1.62984885391121e-05,0.001549136939229,1.0
2025-08-01,-0.0005317423831625,0.0003528113269667966,-1.1143164122162456e-05,-0.0002584400865717,1.0
2025-09-01,,-0.0008773214115489566,-4.507326519789455e-05,0.0011991343169088,1.0
2025-10-01,,,,,
2025-11-01,,,,,
2025-12-01,-0.0012694577877254,,,,
2026-01-01,0.0009616042427764,,,,
2026-02-01,0.0059814076015174,,,,
2026-03-01,-0.002251060497278,,,,
2026-04-01,,,,,
2026-05-01,,,,,
2026-06-01,,,,,
