Date,Actual,Forecast,Benchmark,NumSelected,SelectedPredictors
1982-03-01,-0.0031779661016948,,,,
1982-04-01,0.0031678986272438,,,,
1982-05-01,0.0063057855832824,,,,
1982-06-01,0.0019965973327478,,,,
1982-07-01,-0.0063156423680164,,,,
1982-08-01,-0.0031033571239755,,,,
1982-09-01,-0.0020512820512821,,,,
1982-10-01,0.0040941658137154,,,,
1982-11-01,-0.0051135338055604,,,,
1982-12-01,-0.0020418564979508,,,,
1983-01-01,0.0051083073966535,,,,
1983-02-01,-0.0010256324472051,,,,
1983-03-01,-1.04229638742126e-06,,,,
1983-04-01,0.0061151677796502,,,,
1983-05-01,-0.0030869929469639,,,,
1983-06-01,-0.0020324539636935,,,,
1983-07-01,0.002008015836957,,,,
1983-08-01,-0.001018132845167,,,,
1983-09-01,-9.009027045037143e-06,,,,
1983-10-01,0.0009870607480169,,,,
1983-11-01,-0.0010078732688294,,,,
1983-12-01,-8.83142574514828e-06,,,,
1984-01-01,0.0039359940067538,,,,
1984-02-01,-0.0020061934097945,,,,
1984-03-01,-0.0019731830392173,,,,
1984-04-01,0.0009632925852043,,,,
1984-05-01,-0.0019511607713198,,,,
1984-06-01,-3.7412723132845822e-06,,,,
1984-07-01,0.0019249134674064,,,,
1984-08-01,-0.0009754362367613,,,,
1984-09-01,-8.281162012790944e-06,,,,
1984-10-01,0.0009468761321345,,,,
1984-11-01,-0.0019174897786888,,,,
1984-12-01,-3.6143391677345704e-06,,,,
1985-01-01,-3.6006355121909195e-06,,,,
1985-02-01,0.0037807081653788,,,,
1985-03-01,-0.0009727739008231,,,,
1985-04-01,-0.002831009685682,,,,
1985-05-01,-3.500297525382834e-06,,,,
1985-06-01,0.0009293485841819,,,,
1985-07-01,-0.0009380423464075,,,,
1985-08-01,-3.454902722799247e-06,,,,
1985-09-01,-3.442094927974537e-06,,,,
1985-10-01,0.0018467094021858,,,,
1985-11-01,0.0009080174100615,,,,
1985-12-01,-2.113896757283129e-05,,,,
1986-01-01,-0.000934187926773,,,,
1986-02-01,-0.0054728042512705,,,,
1986-03-01,-0.0036496259548126,,,,
1986-04-01,0.0018031010329814,,,,
1986-05-01,0.0064262507409877,,,,
1986-06-01,0.0009098351662264,,,,
1986-07-01,-0.0027556479881927,,,,
1986-08-01,-8.347733171376603e-07,,,,
1986-09-01,0.002736393027364,,,,
1986-10-01,-0.0018314532183145,,,,
1986-11-01,-3.2997855139438315e-06,,,,
1986-12-01,0.0018083063731291,,,,
1987-01-01,0.0017919740490766,,,,
1987-02-01,-0.0018244981819832,,,,
1987-03-01,-1.284674158452681e-05,,,,
1987-04-01,0.0008785104544337,,,,
1987-05-01,-0.0017943936467867,,,,
1987-06-01,0.0017628444221089,,,,
1987-07-01,-0.0017816069548943,,,,
1987-08-01,0.0017505013045531,,,,
1987-09-01,-0.0008941105560398,,,,
1987-10-01,-0.0008840438101298,,,,
1987-11-01,0.0008627421250144,,,,
1987-12-01,-0.0017451586165324,,,,
1988-01-01,0.0017271053594238,,,,
1988-02-01,-0.0017360696814223,,,,
1988-03-01,0.0008576176627692,,,,
1988-04-01,0.0034268280971834,,,,
1988-05-01,-0.0034488567285297,,,,
1988-06-01,0.0016955921864787,,,,
1988-07-01,-1.8031013342856284e-05,,,,
1988-08-01,-1.7878852892838637e-05,,,,
1988-09-01,-1.7728610431477776e-05,,,,
1988-10-01,-0.0008544003375408,,,,
1988-11-01,-1.1166906871640236e-05,,,,
1988-12-01,-1.1092646476473789e-05,,,,
1989-01-01,0.0008174812898711,,,,
1989-02-01,-0.0008421720382478,,,,
1989-03-01,0.0016338804933127,,,,
1989-04-01,0.0024307649237658,,,,
1989-05-01,-0.0024908893412269,,,,
1989-06-01,-0.0016404563594611,,,,
1989-07-01,-1.0422658337949642e-05,,,,
1989-08-01,-0.0032232070910556,,,,
1989-09-01,0.0024096385542169,,,,
1989-10-01,0.0023980537534753,,,,
1989-11-01,-0.0008204514783463,,,,
1989-12-01,-0.0008101161272013,,,,
1990-01-01,0.0063240629463114,,,,
1990-02-01,-0.0055796190210051,,,,
1990-03-01,0.0007659313725489,,,,
1990-04-01,-0.0023546850699842,,,,
1990-05-01,-0.0007812245498761,,,,
1990-06-01,0.0046451563278389,,,,
1990-07-01,-0.0015778090636366,,,,
1990-08-01,0.0038101811296045,,,,
1990-09-01,-0.0015902129988702,,,,
1990-10-01,-4.645294488714313e-05,,,,
1990-11-01,-0.00454357726797,,,,
1990-12-01,0.0014908402193818,,,,
1991-01-01,-1.3933367293494923e-05,,,,
1991-02-01,-0.0029833919169053,,,,
1991-03-01,-0.0007423904974017,,,,
1991-04-01,0.0022255192878337,,,,
1991-05-01,0.0014754429623513,,,,
1991-06-01,-0.0007511097428103,,,,
1991-07-01,-0.0014792642720806,,,,
1991-08-01,0.0014662693271141,,,,
1991-09-01,-8.599875731762907e-06,,,,
1991-10-01,-0.001468403672078,,,,
1991-11-01,0.0029133238279672,,,,
1991-12-01,-0.001470420222827,,,,
1992-01-01,-0.0021791686182912,,,,
1992-02-01,0.0014456083955156,,,,
1992-03-01,0.0014383062105405,9.745628976889755e-05,-8.406405872758719e-06,1.0,CoreCPI_adj_pct1_diff1_lag1
1992-04-01,-0.0014507818246134,0.00010916441423463288,3.549896742226891e-06,1.0,CoreCPI_adj_pct1_diff1_lag1
1992-05-01,-4.6414385574955475e-06,-0.00022344638606809777,-8.370855072163494e-06,1.0,CoreCPI_adj_pct1_diff1_lag1
1992-06-01,0.0007111981094969,9.588190281374344e-05,-8.340534612694649e-06,1.0,CoreCPI_adj_pct1_diff1_lag1
1992-07-01,-8.17495632787768e-06,-0.00012377368102525933,-2.5378036118108216e-06,3.0,CoreCPI_adj_pct1_diff1_lag1; FedFundsRate_diff1; T10Y3M_diff1
1992-08-01,-0.0007198721807757,0.000206413248103663,-2.5829008335393565e-06,1.0,CoreCPI_adj_pct1_diff1_lag1
1992-09-01,-4.549498544337283e-06,-0.00013352761254389385,-8.275672896572378e-06,3.0,CoreCPI_adj_pct1_diff1_lag1; FedFundsRate_diff1; T10Y3M_diff1
1992-10-01,0.0021216215127892,0.00028475479900644306,-8.246332941042968e-06,3.0,CoreCPI_adj_pct1_diff1_lag1; FedFundsRate_diff1; T10Y3M_diff1
1992-11-01,-0.0014294381227846,0.00011765340390306527,8.393259603724557e-06,2.0,CoreCPI_adj_pct1_diff1_lag1; Unemployment_diff1_lag1
1992-12-01,-0.0014154056726478,-0.0005574266418801267,-2.7527201047119875e-06,3.0,CoreCPI_adj_pct1_diff1_lag1; FedFundsRate_diff1; T10Y3M_diff1
1993-01-01,0.0021062439078909,0.0003143779983671103,-1.3619281278120358e-05,1.0,CoreCPI_adj_pct1_diff1_lag1
1993-02-01,-0.0014128631072951,-4.339149705698779e-06,2.562880471261476e-06,2.0,CoreCPI_adj_pct1_diff1_lag1; Unemployment_diff1_lag1
1993-03-01,-0.0007032162970006,-8.689722121167458e-05,-8.160043678483685e-06,2.0,CoreCPI_adj_pct1_diff1_lag1; Unemployment_diff1_lag1
1993-04-01,0.0020915594919201,8.402177662108179e-05,-1.3386030545567266e-05,2.0,CoreCPI_adj_pct1_diff1_lag1; Unemployment_diff1_lag1
1993-05-01,-0.0007075423627647,0.0004339545290775622,2.3225181295496543e-06,2.0,CoreCPI_adj_pct1_diff1_lag1; Unemployment_diff1_lag1
1993-06-01,-0.0020881598922832,-0.0005566613445513429,-2.935740247444788e-06,2.0,CoreCPI_adj_pct1_diff1_lag1; Unemployment_diff1_lag1
1993-07-01,0.0006925201099954,0.00023330996814612556,-1.8268270777119458e-05,2.0,CoreCPI_adj_pct1_diff1_lag1; Unemployment_diff1_lag1
1993-08-01,0.0006901231814728,0.0001711971816054357,-1.3080034421115665e-05,2.0,CoreCPI_adj_pct1_diff1_lag1; Unemployment_diff1_lag1
1993-09-01,-0.0006949090978609,0.00017607788670844247,-7.984358943623524e-06,2.0,CoreCPI_adj_pct1_diff1_lag1; Unemployment_diff1_lag1
1993-10-01,0.0027567155648695,-0.00034720773089955224,-1.2926263540150694e-05,2.0,CoreCPI_adj_pct1_diff1_lag1; Unemployment_diff1_lag1
1993-11-01,-0.0013906782872299,0.0004263291533634737,6.8568923770610975e-06,4.0,CapacityUtilization_diff1_lag1; CoreCPI_adj_pct1_diff1_lag1; Housing_pct1_lag1; Unemployment_diff1_lag1
1993-12-01,-0.0006924582267047,-0.0005144948545614846,-3.0547046414279883e-06,2.0,CoreCPI_adj_pct1_diff1_lag1; Unemployment_diff1_lag1
1994-01-01,-0.002054794520548,-1.991292391323919e-05,-7.909659022155256e-06,4.0,CapacityUtilization_diff1_lag1; CoreCPI_adj_pct1_diff1_lag1; FedFundsRate_diff1; T10Y3M_diff1
1994-02-01,0.0027341079972658,4.645134124606482e-05,-2.222353917268564e-05,4.0,CapacityUtilization_diff1_lag1; CoreCPI_adj_pct1_diff1_lag1; FedFundsRate_diff1; T10Y3M_diff1
1994-03-01,-7.454963864228503e-06,0.00045820904093516227,-3.082347947418415e-06,4.0,CapacityUtilization_diff1_lag1; CoreCPI_adj_pct1_diff1_lag1; FedFundsRate_diff1; T10Y3M_diff1
1994-04-01,-0.0020468433801046,0.00038576535405310383,-3.1125039192584846e-06,4.0,CapacityUtilization_diff1_lag1; CoreCPI_adj_pct1_diff1_lag1; FedFundsRate_diff1; T10Y3M_diff1
1994-05-01,0.001358233824964,0.0002587536474369655,-1.7110660605459455e-05,4.0,CapacityUtilization_diff1_lag1; CoreCPI_adj_pct1_diff1_lag1; FedFundsRate_diff1; Housing_pct1_lag1
1994-06-01,0.0006738209285186,0.000418892342068038,-7.754575669612791e-06,4.0,CapacityUtilization_diff1_lag1; CoreCPI_adj_pct1_diff1_lag1; FedFundsRate_diff1; Housing_pct1_lag1
1994-07-01,0.0006687982030919,0.00020399940641330715,-3.1493357764491916e-06,4.0,CapacityUtilization_diff1_lag1; CoreCPI_adj_pct1_diff1_lag1; FedFundsRate_diff1; Housing_pct1_lag1
1994-08-01,0.0006624640747645,-0.0002410162430236674,1.3603792495128837e-06,3.0,CoreCPI_adj_pct1_diff1_lag1; FedFundsRate_diff1; Housing_pct1_lag1
1994-09-01,-0.0020297038658441,0.0005473845893224383,5.767737219612799e-06,4.0,CapacityUtilization_diff1_lag1; CoreCPI_adj_pct1_diff1_lag1; FedFundsRate_diff1; Housing_pct1_lag1
1994-10-01,-0.0013436304544249,0.0001918066927067786,-7.712207171537616e-06,3.0,CoreCPI_adj_pct1_diff1_lag1; FedFundsRate_diff1; Housing_pct1_lag1
1994-11-01,0.002007583806985,3.4872289533913205e-06,-1.6501143008730787e-05,4.0,CoreCPI_adj_pct1_diff1_lag1; FedFundsRate_diff1; Housing_pct1_lag1; Yield10Y_diff1
1994-12-01,-0.000674705944383,0.0005360287972104244,-3.271829610078951e-06,3.0,CoreCPI_adj_pct1_diff1_lag1; FedFundsRate_diff1; Housing_pct1_lag1
1995-01-01,0.0006622198463153,0.00022615128432834446,-7.631791394318698e-06,4.0,CoreCPI_adj_pct1_diff1_lag1; FedFundsRate_diff1; Housing_pct1_lag1; Yield10Y_diff1
1995-02-01,-7.082764314381151e-06,0.0003000990639837023,-3.310167925224384e-06,4.0,CoreCPI_adj_pct1_diff1_lag1; FedFundsRate_diff1; Housing_pct1_lag1; Yield10Y_diff1
1995-03-01,-0.0006697357383935,-3.011671553371006e-08,-3.334351235411286e-06,4.0,CoreCPI_adj_pct1_diff1_lag1; FedFundsRate_diff1; Housing_pct1_lag1; Yield10Y_diff1
1995-04-01,0.0019801823976777,0.00012581628455402976,-7.578946058074272e-06,4.0,CoreCPI_adj_pct1_diff1_lag1; FedFundsRate_diff1; Housing_pct1_lag1; Yield10Y_diff1
1995-05-01,-0.0019919693832739,-8.350917871567311e-05,5.0018219402534124e-06,4.0,CoreCPI_adj_pct1_diff1_lag1; FedFundsRate_diff1; Housing_pct1_lag1; Yield10Y_diff1
1995-06-01,-3.897997209012516e-06,0.00026198196592108015,-7.55774538813749e-06,4.0,CoreCPI_adj_pct1_diff1_lag1; FedFundsRate_diff1; Housing_pct1_lag1; Yield10Y_diff1
1995-07-01,-0.000660050629766,0.0002872222058977652,-7.5348719620179565e-06,4.0,CoreCPI_adj_pct1_diff1_lag1; FedFundsRate_diff1; Housing_pct1_lag1; Yield10Y_diff1
1995-08-01,0.0006535880262674,-0.00030989915323354026,-1.158776486763275e-05,5.0,CapacityUtilization_diff1_lag1; CoreCPI_adj_pct1_diff1_lag1; FedFundsRate_diff1; Housing_pct1_lag1; Yield10Y_diff1
1995-09-01,-0.0006578795107605,0.0003977731353394512,-7.481741465564647e-06,4.0,CoreCPI_adj_pct1_diff1_lag1; FedFundsRate_diff1; Housing_pct1_lag1; Yield10Y_diff1
1995-10-01,0.0013046269830523,-6.80846065574747e-05,-1.1471911829337256e-05,4.0,CoreCPI_adj_pct1_diff1_lag1; FedFundsRate_diff1; Housing_pct1_lag1; Yield10Y_diff1
1995-11-01,-0.0013097398604733,-8.9829571916622e-05,-3.4469185678638572e-06,3.0,CoreCPI_adj_pct1_diff1_lag1; FedFundsRate_diff1; Housing_pct1_lag1
1995-12-01,-1.6954217252340698e-06,4.092129914396661e-05,-1.1363845488502863e-05,4.0,CoreCPI_adj_pct1_diff1_lag1; FedFundsRate_diff1; Housing_pct1_lag1; Yield10Y_diff1
1996-01-01,0.0038969444624112,0.0001527714128638793,-1.1305601971856666e-05,3.0,CoreCPI_adj_pct1_diff1_lag1; FedFundsRate_diff1; Housing_pct1_lag1
1996-02-01,-0.0032589434034222,0.00014260007204835274,1.2097093024449061e-05,3.0,CoreCPI_adj_pct1_diff1_lag1; FedFundsRate_diff1; Housing_pct1_lag1
1996-03-01,0.0012865692182579,-0.0006265831151784794,-7.373386121066712e-06,3.0,CoreCPI_adj_pct1_diff1_lag1; FedFundsRate_diff1; Housing_pct1_lag1
1996-04-01,0.0006327144487086,-4.705280534000234e-05,2.8307899360173074e-07,6.0,CapacityUtilization_diff1_lag1; CoreCPI_adj_pct1_diff1_lag1; DXY_Datastream_pct1; FedFundsRate_diff1; Housing_pct1_lag1; Payroll_pct1_lag1
1996-05-01,-0.001936675929149,-6.875078106004305e-05,4.003263521337015e-06,6.0,CapacityUtilization_diff1_lag1; CoreCPI_adj_pct1_diff1_lag1; DXY_Datastream_pct1; FedFundsRate_diff1; Housing_pct1_lag1; Payroll_pct1_lag1
1996-06-01,-3.686403397651361e-06,0.00016502934816296273,-7.345737605390102e-06,6.0,CapacityUtilization_diff1_lag1; CoreCPI_adj_pct1_diff1_lag1; DXY_Datastream_pct1; FedFundsRate_diff1; Housing_pct1_lag1; Payroll_pct1_lag1
1996-07-01,-3.672288259704004e-06,-0.00014075559520895222,-7.3244624065079e-06,3.0,CoreCPI_adj_pct1_diff1_lag1; FedFundsRate_diff1; Housing_pct1_lag1
1996-08-01,-0.0006406009291965,0.00011855417070817672,-7.30335157328938e-06,7.0,CapacityUtilization_diff1_lag1; CoreCPI_adj_pct1_diff1_lag1; DXY_Datastream_pct1; FedFundsRate_diff1; Housing_pct1_lag1; Payroll_pct1_lag1; Yield10Y_diff1
1996-09-01,0.0019067762272897,3.451933902102533e-05,-1.0942992823997486e-05,6.0,CapacityUtilization_diff1_lag1; CoreCPI_adj_pct1_diff1_lag1; DXY_Datastream_pct1; FedFundsRate_diff1; Housing_pct1_lag1; Yield10Y_diff1
1996-10-01,-1.0084532586107642e-05,9.33064021695067e-05,1.5402719509356287e-08,5.0,CapacityUtilization_diff1_lag1; CoreCPI_adj_pct1_diff1_lag1; Housing_pct1_lag1; Payroll_pct1_lag1; T10Y3M_diff1
1996-11-01,-1.0020787120756935e-05,-0.0003374634926770615,-4.1983276545289445e-08,6.0,CapacityUtilization_diff1_lag1; CoreCPI_adj_pct1_diff1_lag1; DXY_Datastream_pct1; FedFundsRate_diff1; Housing_pct1_lag1; Payroll_pct1_lag1
1996-12-01,-0.0006400773669119,0.0002447761409540413,-9.836069939394282e-08,4.0,CapacityUtilization_diff1_lag1; CoreCPI_adj_pct1_diff1_lag1; Housing_pct1_lag1; Payroll_pct1_lag1
1997-01-01,-0.0006348723542199,0.00010615048679532988,-3.6937483747451004e-06,3.0,CoreCPI_adj_pct1_diff1_lag1; FedFundsRate_diff1; Housing_pct1_lag1
1997-02-01,-3.5488203329325785e-06,-6.541600992544343e-05,-7.219885837567196e-06,5.0,CapacityUtilization_diff1_lag1; CoreCPI_adj_pct1_diff1_lag1; Housing_pct1_lag1; Payroll_pct1_lag1; T10Y3M_diff1
1997-03-01,-0.0012558836400431,-5.8755069420505534e-05,-7.199491029208114e-06,5.0,CapacityUtilization_diff1_lag1; CoreCPI_adj_pct1_diff1_lag1; Housing_pct1_lag1; Payroll_pct1_lag1; T10Y3M_diff1
1997-04-01,-3.918486086718076e-07,0.0004923531318240672,-1.4098298482323542e-05,3.0,CoreCPI_adj_pct1_diff1_lag1; FedFundsRate_diff1; Housing_pct1_lag1
1997-05-01,-0.0006257822277846,-3.9698786579005026e-05,-1.4022988318182597e-05,5.0,CapacityUtilization_diff1_lag1; CoreCPI_adj_pct1_diff1_lag1; Housing_pct1_lag1; Payroll_pct1_lag1; T10Y3M_diff1
1997-06-01,0.0018761726078797,-0.00012408211371839212,-1.736593498193351e-05,3.0,CoreCPI_adj_pct1_diff1_lag1; Housing_pct1_lag1; T10Y3M_diff1
1997-07-01,-0.0006277331571931,6.354312799120934e-05,-7.074964640294202e-06,5.0,CapacityUtilization_diff1_lag1; CoreCPI_adj_pct1_diff1_lag1; Housing_pct1_lag1; Payroll_pct1_lag1; T10Y3M_diff1
1997-08-01,0.0012453261353482,0.0001605278271581645,-1.0429873789228288e-05,5.0,CapacityUtilization_diff1_lag1; CoreCPI_adj_pct1_diff1_lag1; Housing_pct1_lag1; Payroll_pct1_lag1; T10Y3M_diff1
1997-09-01,-6.2033969803199085e-06,-0.00017801263464329505,-3.6784973960163082e-06,5.0,CapacityUtilization_diff1_lag1; CoreCPI_adj_pct1_diff1_lag1; Housing_pct1_lag1; Payroll_pct1_lag1; T10Y3M_diff1
1997-10-01,-0.0006265200054316,-0.00022583502752225934,-3.691999532830766e-06,5.0,CapacityUtilization_diff1_lag1; CoreCPI_adj_pct1_diff1_lag1; Housing_pct1_lag1; Payroll_pct1_lag1; T10Y3M_diff1
1997-11-01,-0.0006226520907437,5.866851436536066e-05,-7.00491445782422e-06,5.0,CapacityUtilization_diff1_lag1; CoreCPI_adj_pct1_diff1_lag1; Housing_pct1_lag1; Payroll_pct1_lag1; T10Y3M_diff1
1997-12-01,-0.0006199609030212,-4.521460316586035e-05,-1.0262306924945255e-05,5.0,CapacityUtilization_diff1_lag1; CoreCPI_adj_pct1_diff1_lag1; Housing_pct1_lag1; Payroll_pct1_lag1; T10Y3M_diff1
1998-01-01,0.0006176647532816,0.00010999833529524129,-1.3471246904399228e-05,5.0,CapacityUtilization_diff1_lag1; CoreCPI_adj_pct1_diff1_lag1; Housing_pct1_lag1; Payroll_pct1_lag1; T10Y3M_diff1
1998-02-01,-0.0012360939431395,8.527597015747196e-05,-1.0166869940074623e-05,5.0,CapacityUtilization_diff1_lag1; CoreCPI_adj_pct1_diff1_lag1; Housing_pct1_lag1; Payroll_pct1_lag1; T10Y3M_diff1
1998-03-01,0.0,4.288874750070352e-05,-1.6551906779654972e-05,5.0,CapacityUtilization_diff1_lag1; CoreCPI_adj_pct1_diff1_lag1; Housing_pct1_lag1; Payroll_pct1_lag1; T10Y3M_diff1
1998-04-01,0.0012345679012344,0.000360339559815368,-1.6466145604630855e-05,5.0,CapacityUtilization_diff1_lag1; CoreCPI_adj_pct1_diff1_lag1; Housing_pct1_lag1; Payroll_pct1_lag1; T10Y3M_diff1
1998-05-01,0.0012315233441417,0.00019043674198307214,-1.0017516497213169e-05,5.0,CapacityUtilization_diff1_lag1; CoreCPI_adj_pct1_diff1_lag1; Housing_pct1_lag1; Payroll_pct1_lag1; T10Y3M_diff1
1998-06-01,-0.001236078945253,0.00010826696911105731,-3.6506402888084856e-06,5.0,CapacityUtilization_diff1_lag1; CoreCPI_adj_pct1_diff1_lag1; Housing_pct1_lag1; Payroll_pct1_lag1; T10Y3M_diff1
1998-07-01,0.0012269901568791,-1.2138192188779226e-05,-9.938539803931913e-06,5.0,CapacityUtilization_diff1_lag1; CoreCPI_adj_pct1_diff1_lag1; Housing_pct1_lag1; Payroll_pct1_lag1; T10Y3M_diff1
1998-08-01,-0.0012315122609238,0.0007879662453466029,-3.659713932444441e-06,6.0,CapacityUtilization_diff1_lag1; CoreCPI_adj_pct1_diff1_lag1; DXY_Datastream_pct1; FedFundsRate_diff1; Housing_pct1_lag1; T10Y3M_diff1
1998-09-01,-0.0006134950920393,0.00029345849197087845,-9.860989422299771e-06,5.0,CapacityUtilization_diff1_lag1; CoreCPI_adj_pct1_diff1_lag1; Housing_pct1_lag1; Payroll_pct1_lag1; T10Y3M_diff1
1998-10-01,0.0018344880763889,-0.0005551741738669779,-1.2894326621380176e-05,6.0,CapacityUtilization_diff1_lag1; CoreCPI_adj_pct1_diff1_lag1; DXY_Datastream_pct1; FedFundsRate_diff1; Housing_pct1_lag1; T10Y3M_diff1
1998-11-01,-0.0012262269266147,6.552466751495286e-05,-3.657414606328777e-06,5.0,CoreCPI_adj_pct1_diff1_lag1; DXY_Datastream_pct1; FedFundsRate_diff1; Housing_pct1_lag1; T10Y3M_diff1
1998-12-01,0.0006078973110863,-0.00023825758309244175,-9.739849989455002e-06,5.0,CoreCPI_adj_pct1_diff1_lag1; DXY_Datastream_pct1; FedFundsRate_diff1; Housing_pct1_lag1; T10Y3M_diff1
1999-01-01,-3.3360466515919285e-06,-0.00024854715957376474,-6.682240281159185e-06,5.0,CoreCPI_adj_pct1_diff1_lag1; DXY_Datastream_pct1; FedFundsRate_diff1; Housing_pct1_lag1; T10Y3M_diff1
1999-02-01,-0.001824817518248,0.00010863023482773035,-6.665756568698262e-06,5.0,DXY_Datastream_pct1; FedFundsRate_diff1; Housing_pct1_lag1; T10Y3M_diff1; Yield10Y_diff1
1999-03-01,0.0006071645415908,0.00044007711922609583,-1.5578265204381112e-05,5.0,CoreCPI_adj_pct1_diff1_lag1; DXY_Datastream_pct1; FedFundsRate_diff1; Housing_pct1_lag1; T10Y3M_diff1
1999-04-01,0.0060675927399624,9.037335631370427e-05,-1.2540495415136329e-05,5.0,CoreCPI_adj_pct1_diff1_lag1; DXY_Datastream_pct1; FedFundsRate_diff1; Housing_pct1_lag1; T10Y3M_diff1
1999-05-01,-0.0060719845268819,-9.514705427741262e-05,1.6974714465337147e-05,5.0,CoreCPI_adj_pct1_diff1_lag1; DXY_Datastream_pct1; FedFundsRate_diff1; Housing_pct1_lag1; T10Y3M_diff1
1999-06-01,-0.0006027727546713,-0.000689170200678347,-1.2440547570156751e-05,7.0,CoreCPI_adj_pct1_diff1_lag1; DXY_Datastream_pct1; FedFundsRate_diff1; Housing_pct1_lag1; M2MoneySupply_pct1_lag1; T10Y3M_diff1; Yield10Y_diff1
1999-07-01,0.0042168674698794,0.0005544376415537113,-1.5278683181219948e-05,6.0,CoreCPI_adj_pct1_diff1_lag1; DXY_Datastream_pct1; FedFundsRate_diff1; Housing_pct1_lag1; T10Y3M_diff1; TradeSales_pct1_lag2
1999-08-01,-0.0018173473738987,0.0004533642427689585,4.970819943472016e-06,7.0,CoreCPI_adj_pct1_diff1_lag1; DXY_Datastream_pct1; FedFundsRate_diff1; Housing_pct1_lag1; M2MoneySupply_pct1_lag1; T10Y3M_diff1; TradeSales_pct1_lag2
1999-09-01,0.0017895882223915,-0.0003161356011561604,-3.706885741490707e-06,3.0,CoreCPI_adj_pct1_diff1_lag1; Housing_pct1_lag1; T10Y3M_diff1
1999-10-01,-0.0024012656485272,0.0004491062631060185,4.79214320700688e-06,6.0,CoreCPI_adj_pct1_diff1_lag1; FedFundsRate_diff1; Housing_pct1_lag1; M2MoneySupply_pct1_lag1; T10Y3M_diff1; TradeSales_pct1_lag2
1999-11-01,-3.1906769835110538e-06,-0.0003054006903831936,-6.557185999286546e-06,3.0,CoreCPI_adj_pct1_diff1_lag1; Housing_pct1_lag1; T10Y3M_diff1
1999-12-01,0.0005906449192525,0.00012193442119260194,-6.541380792639713e-06,3.0,CoreCPI_adj_pct1_diff1_lag1; Housing_pct1_lag1; T10Y3M_diff1
2000-01-01,0.0005867883959429,5.834887079335916e-05,-3.7507906055128914e-06,3.0,CoreCPI_adj_pct1_diff1_lag1; Housing_pct1_lag1; T10Y3M_diff1
2000-02-01,0.0011725868715057,2.2803054736001174e-05,-1.004096714590041e-06,3.0,CoreCPI_adj_pct1_diff1_lag1; Housing_pct1_lag1; T10Y3M_diff1
2000-03-01,0.0017476807616136,-0.0003711832140887367,4.4291948049483365e-06,3.0,CoreCPI_adj_pct1_diff1_lag1; Housing_pct1_lag1; T10Y3M_diff1
2000-04-01,-0.0064671482628138,0.00032410760649460564,1.2462612163513552e-05,6.0,CoreCPI_adj_pct1_diff1_lag1; FedFundsRate_diff1; Housing_pct1_lag1; M2MoneySupply_pct1_lag1; T10Y3M_diff1; TradeSales_pct1_lag2
2000-05-01,0.0023402078435799,3.916299791970787e-06,-1.7260373501519996e-05,4.0,CoreCPI_adj_pct1_diff1_lag1; FedFundsRate_diff1; T10Y3M_diff1; Yield10Y_diff1
2000-06-01,0.0040857089733845,5.0661844112713845e-06,-6.495678446353697e-06,1.0,Housing_pct1_lag1
2000-07-01,-0.0029375210307509,-0.000607347888012372,1.2105251789241094e-05,6.0,CoreCPI_adj_pct1_diff1_lag1; FedFundsRate_diff1; M2MoneySupply_pct1_lag1; T10Y3M_diff1; TradeSales_pct1_lag2; Yield10Y_diff1
2000-08-01,-0.0029036004645761,-3.9009463155707314e-05,-1.2414734711215351e-06,4.0,FedFundsRate_diff1; M2MoneySupply_pct1_lag1; T10Y3M_diff1; TradeSales_pct1_lag2
2000-09-01,0.0052113491603937,-0.000317053421453688,-1.4315162620243061e-05,6.0,CoreCPI_adj_pct1_diff1_lag1; FedFundsRate_diff1; M2MoneySupply_pct1_lag1; T10Y3M_diff1; TradeSales_pct1_lag2; Yield10Y_diff1
2000-10-01,-0.0034832385613152,0.0009330597568487163,9.118309680267893e-06,4.0,CPI_adj_pct1_diff1_lag1; CapacityUtilization_diff1_lag1; Housing_pct1_lag1; Payroll_pct1_lag1
2000-11-01,-2.9812143746976716e-06,-0.0015966142312406387,-6.472569208104738e-06,2.0,CPI_adj_pct1_diff1_lag1; Payroll_pct1_lag1
2000-12-01,0.0005710818667312,4.966668762258356e-05,-6.457052075511817e-06,5.0,CoreCPI_adj_pct1_diff1_lag1; FedFundsRate_diff1; T10Y3M_diff1; TradeSales_pct1_lag2; Yield10Y_diff1
2001-01-01,0.0034311656099623,-1.3504839466956192e-05,-3.901570133889199e-06,2.0,CPI_adj_pct1_diff1_lag1; Payroll_pct1_lag1
2001-02-01,-0.0034494725333791,-0.00018385739731178108,1.1230884403979476e-05,2.0,CPI_adj_pct1_diff1_lag1; Payroll_pct1_lag1
2001-03-01,-0.0017097225098365,-0.0011081820588554922,-3.9476393582270116e-06,2.0,CPI_adj_pct1_diff1_lag1; Payroll_pct1_lag1
2001-04-01,0.0011353956945951,0.0009084768464359147,-1.1396437919267503e-05,2.0,CPI_adj_pct1_diff1_lag1; Payroll_pct1_lag1
2001-05-01,0.0033984633035495,0.0003452416532714202,-6.4103851692050366e-06,2.0,CPI_adj_pct1_diff1_lag1; Payroll_pct1_lag1
2001-06-01,-0.0028459776465579,-0.0005738036900449997,8.329327768971176e-06,2.0,CPI_adj_pct1_diff1_lag1; Payroll_pct1_lag1
2001-07-01,-0.0039443017741578,-0.0011604459420647513,-3.973719534161885e-06,2.0,CPI_adj_pct1_diff1_lag1; Payroll_pct1_lag1
2001-08-01,0.0016882386043892,0.0006404051584588226,-2.088499873855518e-05,2.0,CPI_adj_pct1_diff1_lag1; Payroll_pct1_lag1
2001-09-01,0.0039458850056368,0.0009836963194421744,-1.3581051716641699e-05,2.0,CPI_adj_pct1_diff1_lag1; Payroll_pct1_lag1
2001-10-01,-0.0067532965721724,-0.0007311645651345171,3.2677400167772014e-06,2.0,CPI_adj_pct1_diff1_lag1; Payroll_pct1_lag1
2001-11-01,0.0022443485034725,-0.001924069370381309,-2.5361769780634567e-05,4.0,CPI_adj_pct1_diff1_lag1; FedFundsRate_diff1; Housing_pct1_lag1; Unemployment_diff1_lag1
2001-12-01,-3.172186270328226e-07,0.0017030250132015045,-1.578493318462978e-05,4.0,CPI_adj_pct1_diff1_lag1; Housing_pct1_lag1; Payroll_pct1_lag1; T10Y3M_diff1
2002-01-01,0.0022544738555344,-0.0009241539110058642,-1.5719942787328952e-05,4.0,CPI_adj_pct1_diff1_lag1; FedFundsRate_diff1; Housing_pct1_lag1; Unemployment_diff1_lag1
2002-02-01,-2.8549694548463123e-06,-0.0002394528716463835,-6.221223965899124e-06,4.0,CPI_adj_pct1_diff1_lag1; Housing_pct1_lag1; Payroll_pct1_lag1; T10Y3M_diff1
2002-03-01,0.0011207501596555,-0.0006985886668922733,-6.20719790543641e-06,4.0,CPI_adj_pct1_diff1_lag1; Housing_pct1_lag1; Payroll_pct1_lag1; T10Y3M_diff1
2002-04-01,0.0016728039530418,-8.39271992333732e-05,-1.5310262972997442e-06,4.0,CPI_adj_pct1_diff1_lag1; Housing_pct1_lag1; Payroll_pct1_lag1; T10Y3M_diff1
2002-05-01,-0.0033663437488771,-0.0005201133775672949,5.387713286746123e-06,3.0,CPI_adj_pct1_diff1_lag1; FedFundsRate_diff1; Housing_pct1_lag1
2002-06-01,-0.0005583459041429,-0.0005547868115034596,-8.48772482915448e-06,3.0,CPI_adj_pct1_diff1_lag1; FedFundsRate_diff1; Housing_pct1_lag1
2002-07-01,0.0016700684281381,0.0013086766684815125,-1.0741241957489501e-05,3.0,CPI_adj_pct1_diff1_lag1; FedFundsRate_diff1; Housing_pct1_lag1
2002-08-01,0.0005506062855729,-0.0001338802146322033,-3.880794324446278e-06,5.0,CPI_adj_pct1_diff1_lag1; CapacityUtilization_diff1_lag1; Housing_pct1_lag1; Payroll_pct1_lag1; T10Y3M_diff1
2002-09-01,-0.0011157279162818,-0.000545122633695448,-1.6267818045383664e-06,4.0,CPI_adj_pct1_diff1_lag1; CapacityUtilization_diff1_lag1; FedFundsRate_diff1; Housing_pct1_lag1
2002-10-01,0.0005503395190349,-0.00029331547352233,-6.13731271335319e-06,5.0,CPI_adj_pct1_diff1_lag1; CapacityUtilization_diff1_lag1; Housing_pct1_lag1; Payroll_pct1_lag1; T10Y3M_diff1
2002-11-01,-0.000556760241458,0.0006293667125998852,-3.893454520819911e-06,4.0,CPI_adj_pct1_diff1_lag1; CapacityUtilization_diff1_lag1; FedFundsRate_diff1; Housing_pct1_lag1
2002-12-01,-2.7365770891574215e-06,-0.00042981590999382064,-6.1138030627363055e-06,5.0,CPI_adj_pct1_diff1_lag1; CapacityUtilization_diff1_lag1; Housing_pct1_lag1; Payroll_pct1_lag1; T10Y3M_diff1
2003-01-01,0.0027475474820206,0.0001629938049590002,-6.10029415884199e-06,4.0,CPI_adj_pct1_diff1_lag1; CapacityUtilization_diff1_lag1; FedFundsRate_diff1; Housing_pct1_lag1
2003-02-01,0.0010760112155794,-0.00013786846490178818,4.870414112789254e-06,4.0,CPI_adj_pct1_diff1_lag1; Housing_pct1_lag1; Payroll_pct1_lag1; T10Y3M_diff1
2003-03-01,-0.0038424643314791,-0.0007848689063997276,9.120972848767867e-06,4.0,CPI_adj_pct1_diff1_lag1; CapacityUtilization_diff1_lag1; FedFundsRate_diff1; Housing_pct1_lag1
2003-04-01,-0.0054404034588279,-0.0007312084204047053,-6.102684480591295e-06,3.0,CPI_adj_pct1_diff1_lag1; Housing_pct1_lag1; Payroll_pct1_lag1
2003-05-01,0.0021688619455705,0.0010146568401673047,-2.7497569418966525e-05,5.0,CPI_adj_pct1_diff1_lag1; CapacityUtilization_diff1_lag1; Housing_pct1_lag1; Payroll_pct1_lag1; T10Y3M_diff1
2003-06-01,0.0027310482975639,0.0015155551776725978,-1.888439485038038e-05,5.0,CPI_adj_pct1_diff1_lag1; CapacityUtilization_diff1_lag1; Housing_pct1_lag1; Payroll_pct1_lag1; T10Y3M_diff1
2003-07-01,0.0021834041576052,-0.0007207594866193312,-8.142470270637076e-06,5.0,CPI_adj_pct1_diff1_lag1; CapacityUtilization_diff1_lag1; Housing_pct1_lag1; Payroll_pct1_lag1; T10Y3M_diff1
2003-08-01,0.0010780286405986,-0.0008609682439588408,3.8494851487199276e-07,4.0,CPI_adj_pct1_diff1_lag1; CapacityUtilization_diff1_lag1; Housing_pct1_lag1; Payroll_pct1_lag1
2003-09-01,-0.0011028939902899,-0.0008720771874270648,4.561862050080242e-06,4.0,CPI_adj_pct1_diff1_lag1; CapacityUtilization_diff1_lag1; Housing_pct1_lag1; Payroll_pct1_lag1
2003-10-01,-0.0043325295489582,-0.0005429573223914707,2.8597072830425535e-07,4.0,CPI_adj_pct1_diff1_lag1; CapacityUtilization_diff1_lag1; Housing_pct1_lag1; Payroll_pct1_lag1
2003-11-01,0.0016213299112723,0.0002707292576439007,-1.6378704347413068e-05,4.0,CPI_adj_pct1_diff1_lag1; CapacityUtilization_diff1_lag1; Housing_pct1_lag1; Payroll_pct1_lag1
2003-12-01,0.0021618698200633,0.0013284547103161182,-1.0103958693697692e-05,4.0,CPI_adj_pct1_diff1_lag1; CapacityUtilization_diff1_lag1; Housing_pct1_lag1; Payroll_pct1_lag1
2004-01-01,0.0016099657609092,-0.0005951000637548763,-1.8139824388999924e-06,4.0,CPI_adj_pct1_diff1_lag1; CapacityUtilization_diff1_lag1; Housing_pct1_lag1; Payroll_pct1_lag1
2004-02-01,-0.0021655938527693,-0.0007770790385079827,4.314457649876053e-06,4.0,CPI_adj_pct1_diff1_lag1; CapacityUtilization_diff1_lag1; Housing_pct1_lag1; Payroll_pct1_lag1
2004-03-01,-4.600052727843362e-06,-0.0007729625558530139,-3.904892010802641e-06,4.0,CPI_adj_pct1_diff1_lag1; CapacityUtilization_diff1_lag1; Housing_pct1_lag1; Payroll_pct1_lag1
2004-04-01,-0.0005390539274359,0.0003625196677829681,-3.907515258791474e-06,4.0,CPI_adj_pct1_diff1_lag1; CapacityUtilization_diff1_lag1; Housing_pct1_lag1; Payroll_pct1_lag1
2004-05-01,0.0026655228058205,0.00039539738061438633,-5.919343875998649e-06,4.0,CPI_adj_pct1_diff1_lag1; CapacityUtilization_diff1_lag1; Housing_pct1_lag1; Payroll_pct1_lag1
2004-06-01,-0.0005494960401124,0.0001489635159750719,4.086057433726064e-06,4.0,CPI_adj_pct1_diff1_lag1; CapacityUtilization_diff1_lag1; Housing_pct1_lag1; Payroll_pct1_lag1
2004-07-01,-0.0026606861470486,-0.0009463785625024131,2.0204525921360415e-06,4.0,CPI_adj_pct1_diff1_lag1; CapacityUtilization_diff1_lag1; Housing_pct1_lag1; Payroll_pct1_lag1
2004-08-01,-0.0005299405195655,1.031854201124645e-05,-7.878084952996806e-06,4.0,CPI_adj_pct1_diff1_lag1; CapacityUtilization_diff1_lag1; Housing_pct1_lag1; Payroll_pct1_lag1
2004-09-01,0.0026424266275213,0.0008470177698290704,-9.811649525635708e-06,4.0,CPI_adj_pct1_diff1_lag1; CapacityUtilization_diff1_lag1; Housing_pct1_lag1; Payroll_pct1_lag1
2004-10-01,0.0020974565415468,9.951004610724937e-05,-2.4792414761405987e-08,4.0,CPI_adj_pct1_diff1_lag1; CapacityUtilization_diff1_lag1; Housing_pct1_lag1; Payroll_pct1_lag1
2004-11-01,-0.0005517227667655,-0.0009636001042739091,7.686536018920858e-06,5.0,CPI_adj_pct1_diff1_lag1; CapacityUtilization_diff1_lag1; DXY_Datastream_pct1; Housing_pct1_lag1; Payroll_pct1_lag1
2004-12-01,-0.0047169811320753,-0.00029980027603274145,5.637417693703198e-06,5.0,CPI_adj_pct1_diff1_lag1; CapacityUtilization_diff1_lag1; DXY_Datastream_pct1; Housing_pct1_lag1; Payroll_pct1_lag1
2005-01-01,-0.0005216484089722,-0.00039060453179532004,-1.1598416429541337e-05,4.0,CPI_adj_pct1_diff1_lag1; CapacityUtilization_diff1_lag1; Housing_pct1_lag1; Payroll_pct1_lag1
2005-02-01,0.0046970137534398,0.0017194322736947712,-1.3453143675151005e-05,4.0,CPI_adj_pct1_diff1_lag1; CapacityUtilization_diff1_lag1; Housing_pct1_lag1; Payroll_pct1_lag1
2005-03-01,-0.000537111706214,0.00024342646579887217,3.6137653723669336e-06,4.0,CPI_adj_pct1_diff1_lag1; CapacityUtilization_diff1_lag1; Housing_pct1_lag1; Payroll_pct1_lag1
2005-04-01,-0.000531055295426,-0.0018329719977282827,1.6616878576147069e-06,5.0,CPI_adj_pct1_diff1_lag1; CapacityUtilization_diff1_lag1; CoreCPI_adj_pct1_diff1_lag1; Housing_pct1_lag1; Payroll_pct1_lag1
2005-05-01,-0.0036234606040561,-0.00036198421232264485,-2.5456028369325967e-07,3.0,CPI_adj_pct1_diff1_lag1; Housing_pct1_lag1; Payroll_pct1_lag1
2005-06-01,0.0010327911868484,0.0006018789665490472,-1.3240961874275362e-05,3.0,CPI_adj_pct1_diff1_lag1; Housing_pct1_lag1; Payroll_pct1_lag1
2005-07-01,0.0056786182091248,0.0010910565278205342,-9.505132771694375e-06,3.0,CPI_adj_pct1_diff1_lag1; Housing_pct1_lag1; Payroll_pct1_lag1
2005-08-01,-3.8143543159119275e-05,-0.0003357356602806605,1.0737299050001334e-05,5.0,CPI_adj_pct1_diff1_lag1; CapacityUtilization_diff1_lag1; CoreCPI_adj_pct1_diff1_lag1; FedFundsRate_diff1; Housing_pct1_lag1
2005-09-01,0.0076114818750132,-0.0018856394423168593,1.0563962730110835e-05,3.0,CPI_adj_pct1_diff1_lag1; Housing_pct1_lag1; Payroll_pct1_lag1
2005-10-01,-0.0122594311406429,0.00015840716320036154,3.7422329911323156e-05,5.0,CPI_adj_pct1_diff1_lag1; CapacityUtilization_diff1_lag1; CoreCPI_adj_pct1_diff1_lag1; FedFundsRate_diff1; Housing_pct1_lag1
2005-11-01,-0.0065316560336402,-0.002045067132162389,-5.87644991457199e-06,5.0,CPI_adj_pct1_diff1_lag1; CapacityUtilization_diff1_lag1; CoreCPI_adj_pct1_diff1_lag1; Housing_pct1_lag1; Payroll_pct1_lag1
2005-12-01,0.0050226017076845,0.0047798218841725686,-2.877392213817069e-05,6.0,CPI_adj_pct1_diff1_lag1; CapacityUtilization_diff1_lag1; CoreCPI_adj_pct1_diff1_lag1; Housing_pct1_lag1; Payroll_pct1_lag1; T10Y3M_diff1
2006-01-01,0.0060575466935892,0.002471495400354941,-1.1111769586343165e-05,4.0,CPI_adj_pct1_diff1_lag1; CoreCPI_adj_pct1_diff1_lag1; Housing_pct1_lag1; Payroll_pct1_lag1
2006-02-01,-0.0055557905470764,-0.002476231698111163,1.0033381853292876e-05,4.0,CPI_adj_pct1_diff1_lag1; CoreCPI_adj_pct1_diff1_lag1; Housing_pct1_lag1; Payroll_pct1_lag1
2006-03-01,0.0010027573941089,-0.0018145182906760691,-9.292395677713018e-06,4.0,CPI_adj_pct1_diff1_lag1; CoreCPI_adj_pct1_diff1_lag1; Housing_pct1_lag1; Payroll_pct1_lag1
2006-04-01,0.0035029977262786,0.001965147173554809,-5.79049329090813e-06,4.0,CPI_adj_pct1_diff1_lag1; CoreCPI_adj_pct1_diff1_lag1; Housing_pct1_lag1; Payroll_pct1_lag1
2006-05-01,-0.0020179746450765,-0.0003223826356268045,6.308776431745347e-06,4.0,CPI_adj_pct1_diff1_lag1; CoreCPI_adj_pct1_diff1_lag1; Housing_pct1_lag1; Payroll_pct1_lag1
2006-06-01,-0.0005056816789523,-0.0019531245688975281,-6.475239858087614e-07,4.0,CPI_adj_pct1_diff1_lag1; CoreCPI_adj_pct1_diff1_lag1; Housing_pct1_lag1; Payroll_pct1_lag1
2006-07-01,0.0029670865833921,0.0010714688580847375,-2.377093009666608e-06,4.0,CPI_adj_pct1_diff1_lag1; CoreCPI_adj_pct1_diff1_lag1; Housing_pct1_lag1; Payroll_pct1_lag1
2006-08-01,-0.0010152589239964,6.36124035001967e-05,7.757595305697783e-06,5.0,CPI_adj_pct1_diff1_lag1; CoreCPI_adj_pct1_diff1_lag1; FedFundsRate_diff1; Housing_pct1_lag1; Yield10Y_diff1
2006-09-01,-0.0093424539467225,-0.0014528827030447155,4.2779472808607165e-06,4.0,CPI_adj_pct1_diff1_lag1; CoreCPI_adj_pct1_diff1_lag1; Housing_pct1_lag1; Payroll_pct1_lag1
2006-10-01,0.00046890152197,0.00029157321554520977,-2.7405889647964234e-05,5.0,CPI_adj_pct1_diff1_lag1; CoreCPI_adj_pct1_diff1_lag1; FedFundsRate_diff1; Housing_pct1_lag1; Yield10Y_diff1
2006-11-01,0.0049331645228319,0.004006008154580987,-2.572917541952517e-05,5.0,CPI_adj_pct1_diff1_lag1; CoreCPI_adj_pct1_diff1_lag1; FedFundsRate_diff1; Housing_pct1_lag1; Yield10Y_diff1
2006-12-01,0.0049502498541087,-0.0008616789769038707,-9.032563640900842e-06,5.0,CPI_adj_pct1_diff1_lag1; CoreCPI_adj_pct1_diff1_lag1; FedFundsRate_diff1; Housing_pct1_lag1; Yield10Y_diff1
2007-01-01,-0.0037862634121608,-0.00213649535813607,7.609323666983725e-06,5.0,CPI_adj_pct1_diff1_lag1; CoreCPI_adj_pct1_diff1_lag1; FedFundsRate_diff1; Housing_pct1_lag1; Yield10Y_diff1
2007-02-01,0.0022190694035746,-0.0017866234132334132,-5.079213911035619e-06,5.0,CPI_adj_pct1_diff1_lag1; CoreCPI_adj_pct1_diff1_lag1; FedFundsRate_diff1; Housing_pct1_lag1; Yield10Y_diff1
2007-03-01,0.0013217708882282,0.0012255235389890646,2.3346148139164997e-06,5.0,CPI_adj_pct1_diff1_lag1; CoreCPI_adj_pct1_diff1_lag1; FedFundsRate_diff1; Housing_pct1_lag1; Yield10Y_diff1
2007-04-01,-0.0021994589501725,-0.0006603133134293642,6.718124027917442e-06,5.0,CPI_adj_pct1_diff1_lag1; CoreCPI_adj_pct1_diff1_lag1; FedFundsRate_diff1; Housing_pct1_lag1; Yield10Y_diff1
2007-05-01,0.001132331532704,-0.0008143189975536754,-5.87098072083941e-07,6.0,CPI_adj_pct1_diff1_lag1; CoreCPI_adj_pct1_diff1_lag1; FedFundsRate_diff1; Housing_pct1_lag1; M2MoneySupply_pct1_lag1; Yield10Y_diff1
2007-06-01,-0.0018162423056666,0.0009327268835012139,3.1519073100153456e-06,5.0,CPI_adj_pct1_diff1_lag1; CoreCPI_adj_pct1_diff1_lag1; FedFundsRate_diff1; Housing_pct1_lag1; Yield10Y_diff1
2007-07-01,-0.0005361558627907,-0.0009309296771399858,-2.8329420747761392e-06,6.0,CPI_adj_pct1_diff1_lag1; CoreCPI_adj_pct1_diff1_lag1; FedFundsRate_diff1; Housing_pct1_lag1; M2MoneySupply_pct1_lag1; Yield10Y_diff1
2007-08-01,-0.0014723151393185,0.0009585870923841492,-4.581541814828349e-06,6.0,CPI_adj_pct1_diff1_lag1; CoreCPI_adj_pct1_diff1_lag1; FedFundsRate_diff1; Housing_pct1_lag1; M2MoneySupply_pct1_lag1; Yield10Y_diff1
2007-09-01,0.003929272681912,-0.00026029000155111535,-9.37805683935015e-06,6.0,CPI_adj_pct1_diff1_lag1; CoreCPI_adj_pct1_diff1_lag1; FedFundsRate_diff1; Housing_pct1_lag1; M2MoneySupply_pct1_lag1; Yield10Y_diff1
2007-10-01,-0.0011543155594848,0.0008280176385497694,3.4514243943676024e-06,6.0,CPI_adj_pct1_diff1_lag1; CoreCPI_adj_pct1_diff1_lag1; FedFundsRate_diff1; Housing_pct1_lag1; M2MoneySupply_pct1_lag1; Yield10Y_diff1
2007-11-01,0.0047756464366102,-0.0021594411693269633,-3.0755931952579904e-07,4.0,CPI_adj_pct1_diff1_lag1; CoreCPI_adj_pct1_diff1_lag1; FedFundsRate_diff1; Housing_pct1_lag1
2007-12-01,-0.0049608697161578,0.0006701942551723477,1.514860247959953e-05,5.0,CPI_adj_pct1_diff1_lag1; CoreCPI_adj_pct1_diff1_lag1; FedFundsRate_diff1; Housing_pct1_lag1; Yield10Y_diff1
2008-01-01,0.0005496905252377,-0.0023684872094513654,-9.030695160049871e-07,5.0,CPI_adj_pct1_diff1_lag1; CoreCPI_adj_pct1_diff1_lag1; FedFundsRate_diff1; Housing_pct1_lag1; M2MoneySupply_pct1_lag1
2008-02-01,-0.0010298781990305,0.0014118279059485333,8.673278947786301e-07,4.0,CPI_adj_pct1_diff1_lag1; CoreCPI_adj_pct1_diff1_lag1; Housing_pct1_lag1; Payroll_pct1_lag1
2008-03-01,0.001160200928179,-0.0009835586807276527,-2.4363436658793246e-06,5.0,CPI_adj_pct1_diff1_lag1; CoreCPI_adj_pct1_diff1_lag1; FedFundsRate_diff1; Housing_pct1_lag1; M2MoneySupply_pct1_lag1
2008-04-01,-0.0012636467859172,-8.888523521388702e-05,1.2781524103023984e-06,4.0,CPI_adj_pct1_diff1_lag1; CoreCPI_adj_pct1_diff1_lag1; Housing_pct1_lag1; Payroll_pct1_lag1
2008-05-01,0.0036031106364156,-0.0004901477230626099,-2.7502709601673545e-06,5.0,CPI_adj_pct1_diff1_lag1; CoreCPI_adj_pct1_diff1_lag1; FedFundsRate_diff1; Housing_pct1_lag1; M2MoneySupply_pct1_lag1
2008-06-01,0.0045607433532337,8.017000392863803e-06,8.69690652356524e-06,4.0,CPI_adj_pct1_diff1_lag1; CoreCPI_adj_pct1_diff1_lag1; Housing_pct1_lag1; Payroll_pct1_lag1
2008-07-01,-0.0033367902583298,-0.0012305019757869575,2.31021167979644e-05,5.0,CPI_adj_pct1_diff1_lag1; CoreCPI_adj_pct1_diff1_lag1; Housing_pct1_lag1; T10Y3M_diff1; Yield10Y_diff1
2008-08-01,-0.0086299204793216,-0.0015592421915923303,1.2503087223428869e-05,5.0,CPI_adj_pct1_diff1_lag1; CoreCPI_adj_pct1_diff1_lag1; Housing_pct1_lag1; T10Y3M_diff1; Yield10Y_diff1
2008-09-01,0.0023435674100906,0.0008842441987926619,-1.4674345375769337e-05,4.0,CPI_adj_pct1_diff1_lag1; CoreCPI_adj_pct1_diff1_lag1; Housing_pct1_lag1; Payroll_pct1_lag1
2008-10-01,-0.0094535282471186,0.002915605521723622,-7.281737991862225e-06,4.0,CPI_adj_pct1_diff1_lag1; CoreCPI_adj_pct1_diff1_lag1; Housing_pct1_lag1; Payroll_pct1_lag1
2008-11-01,-0.0091070405198968,-0.0014922275638654704,-3.680125833288327e-05,4.0,CPI_adj_pct1_diff1_lag1; CoreCPI_adj_pct1_diff1_lag1; Housing_pct1_lag1; Payroll_pct1_lag1
2008-12-01,0.0094719546853222,0.0029608784401526428,-6.505745540940639e-05,6.0,CPI_adj_pct1_diff1_lag1; CoreCPI_adj_pct1_diff1_lag1; DXY_Datastream_pct1; FedFundsRate_diff1; Housing_pct1_lag1; M2MoneySupply_pct1_lag1
2009-01-01,0.0107642937406646,0.002756198664301504,-3.543940528291071e-05,5.0,CPI_adj_pct1_diff1_lag1; CoreCPI_adj_pct1_diff1_lag1; DXY_Datastream_pct1; Housing_pct1_lag1; Payroll_pct1_lag1
2009-02-01,0.0011118893109258,-0.0035241841004058794,-2.0036989487078874e-06,7.0,CPI_adj_pct1_diff1_lag1; CoreCPI_adj_pct1_diff1_lag1; DXY_Datastream_pct1; FedFundsRate_diff1; Housing_pct1_lag1; M2MoneySupply_pct1_lag1; Yield10Y_diff1
2009-03-01,-0.0046299435087258,-0.0037140218882893367,1.4342424397936812e-06,8.0,CPI_adj_pct1_diff1_lag1; CoreCPI_adj_pct1_diff1_lag1; DXY_Datastream_pct1; FedFundsRate_diff1; Housing_pct1_lag1; M2MoneySupply_pct1_lag1; Payroll_pct1_lag1; Yield10Y_diff1
2009-04-01,0.0019943653761271,0.00014215616349857812,-1.281615064071584e-05,8.0,CPI_adj_pct1_diff1_lag1; CoreCPI_adj_pct1_diff1_lag1; DXY_Datastream_pct1; FedFundsRate_diff1; Housing_pct1_lag1; M2MoneySupply_pct1_lag1; Payroll_pct1_lag1; Yield10Y_diff1
2009-05-01,0.0004644113993332,0.0022295927988320234,-6.659152092348305e-06,7.0,CPI_adj_pct1_diff1_lag1; CoreCPI_adj_pct1_diff1_lag1; DXY_Datastream_pct1; FedFundsRate_diff1; Housing_pct1_lag1; M2MoneySupply_pct1_lag1; Unemployment_diff1_lag1
2009-06-01,0.0068281183277003,-0.0006735979962252735,-5.218569366276292e-06,7.0,CPI_adj_pct1_diff1_lag1; CoreCPI_adj_pct1_diff1_lag1; DXY_Datastream_pct1; FedFundsRate_diff1; Housing_pct1_lag1; M2MoneySupply_pct1_lag1; Unemployment_diff1_lag1
2009-07-01,-0.0085975777012524,0.00032105166057011904,1.5614774832097395e-05,7.0,CPI_adj_pct1_diff1_lag1; CoreCPI_adj_pct1_diff1_lag1; DXY_Datastream_pct1; FedFundsRate_diff1; Housing_pct1_lag1; M2MoneySupply_pct1_lag1; Unemployment_diff1_lag1
2009-08-01,0.0036464188324231,-0.0027609588086907506,-1.056514150858497e-05,6.0,CPI_adj_pct1_diff1_lag1; CoreCPI_adj_pct1_diff1_lag1; DXY_Datastream_pct1; FedFundsRate_diff1; Housing_pct1_lag1; M2MoneySupply_pct1_lag1
2009-09-01,-0.0014175661443924,0.0029407110787705876,5.166281093898327e-07,7.0,CPI_adj_pct1_diff1_lag1; CoreCPI_adj_pct1_diff1_lag1; DXY_Datastream_pct1; FedFundsRate_diff1; Housing_pct1_lag1; M2MoneySupply_pct1_lag1; Unemployment_diff1_lag1
2009-10-01,0.0010710445653032,-0.0015099304015806193,-3.7676098739992607e-06,7.0,CPI_adj_pct1_diff1_lag1; CoreCPI_adj_pct1_diff1_lag1; DXY_Datastream_pct1; FedFundsRate_diff1; Housing_pct1_lag1; M2MoneySupply_pct1_lag1; Unemployment_diff1_lag1
2009-11-01,0.0003466587910638,0.0003143459756437047,-5.302238041884193e-07,7.0,CPI_adj_pct1_diff1_lag1; CoreCPI_adj_pct1_diff1_lag1; DXY_Datastream_pct1; FedFundsRate_diff1; Housing_pct1_lag1; M2MoneySupply_pct1_lag1; Unemployment_diff1_lag1
2009-12-01,-0.0028284141901249,-0.00023924678775956733,5.123858500698044e-07,7.0,CPI_adj_pct1_diff1_lag1; CoreCPI_adj_pct1_diff1_lag1; DXY_Datastream_pct1; FedFundsRate_diff1; Housing_pct1_lag1; M2MoneySupply_pct1_lag1; Unemployment_diff1_lag1
2010-01-01,0.0001285558119819,-0.0009208861443836723,-7.957454197759447e-06,7.0,CPI_adj_pct1_diff1_lag1; CoreCPI_adj_pct1_diff1_lag1; DXY_Datastream_pct1; FedFundsRate_diff1; Housing_pct1_lag1; M2MoneySupply_pct1_lag1; Unemployment_diff1_lag1
2010-02-01,-0.0016005088613708,0.00032241731669228673,-7.549951910655986e-06,8.0,CPI_adj_pct1_diff1_lag1; CoreCPI_adj_pct1_diff1_lag1; DXY_Datastream_pct1; FedFundsRate_diff1; Housing_pct1_lag1; M2MoneySupply_pct1_lag1; Unemployment_diff1_lag1; Yield10Y_diff1
2010-03-01,0.0012831447859384,-0.0013108352976921283,-1.229090104595402e-05,8.0,CPI_adj_pct1_diff1_lag1; CoreCPI_adj_pct1_diff1_lag1; DXY_Datastream_pct1; FedFundsRate_diff1; Housing_pct1_lag1; M2MoneySupply_pct1_lag1; Unemployment_diff1_lag1; Yield10Y_diff1
2010-04-01,-0.0001013276030503,0.0008498286204229559,-8.446878235911426e-06,8.0,CPI_adj_pct1_diff1_lag1; CoreCPI_adj_pct1_diff1_lag1; DXY_Datastream_pct1; FedFundsRate_diff1; Housing_pct1_lag1; M2MoneySupply_pct1_lag1; Unemployment_diff1_lag1; Yield10Y_diff1
2010-05-01,-0.0007498125694063,-0.0008965105161781688,-8.721673279740979e-06,8.0,CPI_adj_pct1_diff1_lag1; CoreCPI_adj_pct1_diff1_lag1; DXY_Datastream_pct1; FedFundsRate_diff1; Housing_pct1_lag1; M2MoneySupply_pct1_lag1; Unemployment_diff1_lag1; Yield10Y_diff1
2010-06-01,0.0001009768777205,-0.0005331513727356289,-1.0907782117872422e-05,8.0,CPI_adj_pct1_diff1_lag1; CoreCPI_adj_pct1_diff1_lag1; DXY_Datastream_pct1; FedFundsRate_diff1; Housing_pct1_lag1; M2MoneySupply_pct1_lag1; Unemployment_diff1_lag1; Yield10Y_diff1
2010-07-01,0.0022880487002266,0.00024403352499793185,-1.0578709588936032e-05,8.0,CPI_adj_pct1_diff1_lag1; CoreCPI_adj_pct1_diff1_lag1; DXY_Datastream_pct1; FedFundsRate_diff1; Housing_pct1_lag1; M2MoneySupply_pct1_lag1; Unemployment_diff1_lag1; Yield10Y_diff1
2010-08-01,-0.0004078900619832,0.0003484418944862398,-3.837866744902203e-06,7.0,CPI_adj_pct1_diff1_lag1; CoreCPI_adj_pct1_diff1_lag1; DXY_Datastream_pct1; Housing_pct1_lag1; M2MoneySupply_pct1_lag1; T10Y3M_diff1; Yield10Y_diff1
2010-09-01,0.0001538859432617,-0.00123871701656254,-5.019305912265647e-06,7.0,CPI_adj_pct1_diff1_lag1; CoreCPI_adj_pct1_diff1_lag1; DXY_Datastream_pct1; Housing_pct1_lag1; M2MoneySupply_pct1_lag1; T10Y3M_diff1; Yield10Y_diff1
2010-10-01,0.0018665968718503,0.0010292059858545398,-4.556025302429013e-06,7.0,CPI_adj_pct1_diff1_lag1; CoreCPI_adj_pct1_diff1_lag1; DXY_Datastream_pct1; Housing_pct1_lag1; M2MoneySupply_pct1_lag1; T10Y3M_diff1; Yield10Y_diff1
2010-11-01,-0.0009480046713268,2.692268151623941e-05,8.833726544103064e-07,7.0,CPI_adj_pct1_diff1_lag1; CoreCPI_adj_pct1_diff1_lag1; DXY_Datastream_pct1; Housing_pct1_lag1; M2MoneySupply_pct1_lag1; T10Y3M_diff1; Yield10Y_diff1
2010-12-01,0.0014827347233434,-0.0014234438926337058,-1.8670274730714628e-06,7.0,CPI_adj_pct1_diff1_lag1; CoreCPI_adj_pct1_diff1_lag1; DXY_Datastream_pct1; Housing_pct1_lag1; M2MoneySupply_pct1_lag1; T10Y3M_diff1; Yield10Y_diff1
2011-01-01,-0.000773534146458,0.0005124731730786422,2.423729032178455e-06,7.0,CPI_adj_pct1_diff1_lag1; CoreCPI_adj_pct1_diff1_lag1; DXY_Datastream_pct1; FedFundsRate_diff1; Housing_pct1_lag1; M2MoneySupply_pct1_lag1; Yield10Y_diff1
2011-02-01,-2.8567570306003987e-05,-0.0005414796537121086,1.8753918926727775e-07,7.0,CPI_adj_pct1_diff1_lag1; CoreCPI_adj_pct1_diff1_lag1; DXY_Datastream_pct1; FedFundsRate_diff1; Housing_pct1_lag1; M2MoneySupply_pct1_lag1; Yield10Y_diff1
2011-03-01,0.0019590735767696,0.0007592065501806333,1.0490956428086606e-07,7.0,CPI_adj_pct1_diff1_lag1; CoreCPI_adj_pct1_diff1_lag1; DXY_Datastream_pct1; FedFundsRate_diff1; Housing_pct1_lag1; M2MoneySupply_pct1_lag1; Yield10Y_diff1
2011-04-01,-0.0004794492317345,1.1759830209418865e-05,5.718000301258858e-06,7.0,CPI_adj_pct1_diff1_lag1; CoreCPI_adj_pct1_diff1_lag1; DXY_Datastream_pct1; FedFundsRate_diff1; Housing_pct1_lag1; M2MoneySupply_pct1_lag1; Yield10Y_diff1
2011-05-01,-0.0015123842405915,0.00011416992101107444,4.331808209728118e-06,7.0,CPI_adj_pct1_diff1_lag1; CoreCPI_adj_pct1_diff1_lag1; DXY_Datastream_pct1; FedFundsRate_diff1; Housing_pct1_lag1; M2MoneySupply_pct1_lag1; Yield10Y_diff1
2011-06-01,-0.0031817147345076,9.307505793353961e-05,1.0679865565076043e-08,7.0,CPI_adj_pct1_diff1_lag1; CoreCPI_adj_pct1_diff1_lag1; DXY_Datastream_pct1; FedFundsRate_diff1; Housing_pct1_lag1; M2MoneySupply_pct1_lag1; Yield10Y_diff1
2011-07-01,0.002620036831757,0.0010582628769048108,-9.028312788904153e-06,7.0,CPI_adj_pct1_diff1_lag1; CoreCPI_adj_pct1_diff1_lag1; DXY_Datastream_pct1; FedFundsRate_diff1; Housing_pct1_lag1; M2MoneySupply_pct1_lag1; Yield10Y_diff1
2011-08-01,0.0005344253346617,0.0019956541843798793,-1.580536175459665e-06,7.0,CPI_adj_pct1_diff1_lag1; CoreCPI_adj_pct1_diff1_lag1; DXY_Datastream_pct1; Housing_pct1_lag1; M2MoneySupply_pct1_lag1; T10Y3M_diff1; Yield10Y_diff1
2011-09-01,-0.0009829143083344,0.00037014504356461416,-6.639529738859227e-08,7.0,CPI_adj_pct1_diff1_lag1; CoreCPI_adj_pct1_diff1_lag1; DXY_Datastream_pct1; Housing_pct1_lag1; M2MoneySupply_pct1_lag1; T10Y3M_diff1; Yield10Y_diff1
2011-10-01,-0.001496340331065,0.0005579858520320905,-2.8349809679153848e-06,7.0,CPI_adj_pct1_diff1_lag1; CoreCPI_adj_pct1_diff1_lag1; DXY_Datastream_pct1; Housing_pct1_lag1; M2MoneySupply_pct1_lag1; T10Y3M_diff1; Yield10Y_diff1
2011-11-01,0.0011726425281075,0.00031171252816717315,-7.030220715379106e-06,7.0,CPI_adj_pct1_diff1_lag1; CoreCPI_adj_pct1_diff1_lag1; DXY_Datastream_pct1; Housing_pct1_lag1; M2MoneySupply_pct1_lag1; T10Y3M_diff1; Yield10Y_diff1
2011-12-01,-0.001610141564972,0.00013662537483536525,-3.725815256491489e-06,7.0,CPI_adj_pct1_diff1_lag1; CoreCPI_adj_pct1_diff1_lag1; DXY_Datastream_pct1; Housing_pct1_lag1; M2MoneySupply_pct1_lag1; T10Y3M_diff1; Yield10Y_diff1
2012-01-01,0.0024864875639418,-0.00032639933687913413,-8.213010088099055e-06,7.0,CPI_adj_pct1_diff1_lag1; CoreCPI_adj_pct1_diff1_lag1; DXY_Datastream_pct1; Housing_pct1_lag1; M2MoneySupply_pct1_lag1; T10Y3M_diff1; Yield10Y_diff1
2012-02-01,-0.0005867499291505,0.0008619967269275445,-1.263983419492094e-06,7.0,CPI_adj_pct1_diff1_lag1; CoreCPI_adj_pct1_diff1_lag1; DXY_Datastream_pct1; Housing_pct1_lag1; M2MoneySupply_pct1_lag1; T10Y3M_diff1; Yield10Y_diff1
2012-03-01,-4.397573791692366e-05,-0.0005684391530860046,-2.890333268744895e-06,7.0,CPI_adj_pct1_diff1_lag1; CoreCPI_adj_pct1_diff1_lag1; DXY_Datastream_pct1; Housing_pct1_lag1; M2MoneySupply_pct1_lag1; T10Y3M_diff1; Yield10Y_diff1
2012-04-01,-0.0004326820370224,-0.0001359611849790194,-3.004143253919905e-06,7.0,CPI_adj_pct1_diff1_lag1; CoreCPI_adj_pct1_diff1_lag1; DXY_Datastream_pct1; Housing_pct1_lag1; M2MoneySupply_pct1_lag1; T10Y3M_diff1; Yield10Y_diff1
2012-05-01,-0.0037289684823879,0.0003572999253662158,-4.1910987615676404e-06,7.0,CPI_adj_pct1_diff1_lag1; CoreCPI_adj_pct1_diff1_lag1; DXY_Datastream_pct1; Housing_pct1_lag1; M2MoneySupply_pct1_lag1; T10Y3M_diff1; Yield10Y_diff1
2012-06-01,0.0012418169610703,-0.0002254388607040862,-1.4452193482301339e-05,7.0,CPI_adj_pct1_diff1_lag1; CoreCPI_adj_pct1_diff1_lag1; DXY_Datastream_pct1; Housing_pct1_lag1; M2MoneySupply_pct1_lag1; T10Y3M_diff1; Yield10Y_diff1
2012-07-01,0.0011151730993707,0.0013529944208467257,-1.1000904596167817e-05,7.0,CPI_adj_pct1_diff1_lag1; CoreCPI_adj_pct1_diff1_lag1; DXY_Datastream_pct1; Housing_pct1_lag1; M2MoneySupply_pct1_lag1; T10Y3M_diff1; Yield10Y_diff1
2012-08-01,0.0055207180477918,-0.00015024750266918658,-7.915496366121606e-06,7.0,CPI_adj_pct1_diff1_lag1; CoreCPI_adj_pct1_diff1_lag1; DXY_Datastream_pct1; Housing_pct1_lag1; M2MoneySupply_pct1_lag1; T10Y3M_diff1; Yield10Y_diff1
2012-09-01,-0.0010382616983095,-0.00026915744822988687,7.190059765457417e-06,7.0,CPI_adj_pct1_diff1_lag1; CoreCPI_adj_pct1_diff1_lag1; DXY_Datastream_pct1; Housing_pct1_lag1; M2MoneySupply_pct1_lag1; T10Y3M_diff1; Yield10Y_diff1
2012-10-01,-0.0020744716971037,-0.0016585768083122385,4.341417372882601e-06,7.0,CPI_adj_pct1_diff1_lag1; CoreCPI_adj_pct1_diff1_lag1; DXY_Datastream_pct1; Housing_pct1_lag1; M2MoneySupply_pct1_lag1; T10Y3M_diff1; Yield10Y_diff1
2012-11-01,-0.0043761390748652,0.0010103314236927915,-1.3075313077602946e-06,7.0,CPI_adj_pct1_diff1_lag1; CoreCPI_adj_pct1_diff1_lag1; DXY_Datastream_pct1; Housing_pct1_lag1; M2MoneySupply_pct1_lag1; T10Y3M_diff1; Yield10Y_diff1
2012-12-01,0.0015582628897494,0.0009600715291289785,-1.3163443349921378e-05,7.0,CPI_adj_pct1_diff1_lag1; CoreCPI_adj_pct1_diff1_lag1; DXY_Datastream_pct1; Housing_pct1_lag1; M2MoneySupply_pct1_lag1; T10Y3M_diff1; Yield10Y_diff1
2013-01-01,0.0021018705468579,0.0015027678959836348,-8.916345152355645e-06,7.0,CPI_adj_pct1_diff1_lag1; CoreCPI_adj_pct1_diff1_lag1; DXY_Datastream_pct1; Housing_pct1_lag1; M2MoneySupply_pct1_lag1; T10Y3M_diff1; Yield10Y_diff1
2013-02-01,0.0034491378099201,0.0003690187177140708,-3.2268926132444424e-06,7.0,CPI_adj_pct1_diff1_lag1; CoreCPI_adj_pct1_diff1_lag1; DXY_Datastream_pct1; Housing_pct1_lag1; M2MoneySupply_pct1_lag1; T10Y3M_diff1; Yield10Y_diff1
2013-03-01,-0.0082418458546908,-0.0013756783774166387,6.053657662382828e-06,7.0,CPI_adj_pct1_diff1_lag1; CoreCPI_adj_pct1_diff1_lag1; DXY_Datastream_pct1; Housing_pct1_lag1; M2MoneySupply_pct1_lag1; T10Y3M_diff1; Yield10Y_diff1
2013-04-01,0.0007239398360087,-0.0016853625223879007,-1.6058673469931337e-05,7.0,CPI_adj_pct1_diff1_lag1; CoreCPI_adj_pct1_diff1_lag1; DXY_Datastream_pct1; Housing_pct1_lag1; M2MoneySupply_pct1_lag1; T10Y3M_diff1; Yield10Y_diff1
2013-05-01,0.0025021347560828,0.0033530039393084438,-1.408006782961414e-05,7.0,CPI_adj_pct1_diff1_lag1; CoreCPI_adj_pct1_diff1_lag1; DXY_Datastream_pct1; Housing_pct1_lag1; M2MoneySupply_pct1_lag1; T10Y3M_diff1; Yield10Y_diff1
2013-06-01,0.0019662527160069,-0.0013684462047270523,-7.370161632514372e-06,7.0,CPI_adj_pct1_diff1_lag1; CoreCPI_adj_pct1_diff1_lag1; DXY_Datastream_pct1; Housing_pct1_lag1; M2MoneySupply_pct1_lag1; T10Y3M_diff1; Yield10Y_diff1
2013-07-01,-0.0004229559049642,-0.0007978984519257265,-2.121164617515932e-06,7.0,CPI_adj_pct1_diff1_lag1; CoreCPI_adj_pct1_diff1_lag1; DXY_Datastream_pct1; Housing_pct1_lag1; M2MoneySupply_pct1_lag1; T10Y3M_diff1; Yield10Y_diff1
2013-08-01,0.0004298383821519,-0.0005050978483509298,-3.2374371383294174e-06,7.0,CPI_adj_pct1_diff1_lag1; CoreCPI_adj_pct1_diff1_lag1; DXY_Datastream_pct1; Housing_pct1_lag1; M2MoneySupply_pct1_lag1; T10Y3M_diff1; Yield10Y_diff1
2013-09-01,-0.0020103459907627,0.00011669264326882769,-2.09173391269389e-06,7.0,CPI_adj_pct1_diff1_lag1; CoreCPI_adj_pct1_diff1_lag1; DXY_Datastream_pct1; Housing_pct1_lag1; M2MoneySupply_pct1_lag1; T10Y3M_diff1; Yield10Y_diff1
2013-10-01,0.0001582863566056,0.00026406005040329145,-7.390557809395752e-06,7.0,CPI_adj_pct1_diff1_lag1; CoreCPI_adj_pct1_diff1_lag1; DXY_Datastream_pct1; Housing_pct1_lag1; M2MoneySupply_pct1_lag1; T10Y3M_diff1; Yield10Y_diff1
2013-11-01,0.0013092583788132,0.0006478988501822565,-6.95456592935629e-06,7.0,CPI_adj_pct1_diff1_lag1; CoreCPI_adj_pct1_diff1_lag1; DXY_Datastream_pct1; Housing_pct1_lag1; M2MoneySupply_pct1_lag1; T10Y3M_diff1; Yield10Y_diff1
2013-12-01,0.0007996797311269,0.000502615270444785,-3.4999387778010243e-06,7.0,CPI_adj_pct1_diff1_lag1; CoreCPI_adj_pct1_diff1_lag1; DXY_Datastream_pct1; Housing_pct1_lag1; M2MoneySupply_pct1_lag1; T10Y3M_diff1; Yield10Y_diff1
2014-01-01,-0.0002199938680256,-0.00042865813865488846,-1.3973741968986653e-06,6.0,CPI_adj_pct1_diff1_lag1; DXY_Datastream_pct1; Housing_pct1_lag1; M2MoneySupply_pct1_lag1; T10Y3M_diff1; Yield10Y_diff1
2014-02-01,-0.0013233966702095,-0.00047841138470884327,-1.9681222225610714e-06,6.0,CPI_adj_pct1_diff1_lag1; DXY_Datastream_pct1; Housing_pct1_lag1; M2MoneySupply_pct1_lag1; T10Y3M_diff1; Yield10Y_diff1
2014-03-01,0.000941276680821,0.00032541104557372687,-5.409342399610392e-06,6.0,CPI_adj_pct1_diff1_lag1; DXY_Datastream_pct1; Housing_pct1_lag1; M2MoneySupply_pct1_lag1; T10Y3M_diff1; Yield10Y_diff1
2014-04-01,-0.0001778696959675,0.0005803999563943681,-2.9504176639724425e-06,6.0,CPI_adj_pct1_diff1_lag1; DXY_Datastream_pct1; Housing_pct1_lag1; M2MoneySupply_pct1_lag1; T10Y3M_diff1; Yield10Y_diff1
2014-05-01,3.882029844959334e-05,-0.00019412254244454116,-3.4035764160541202e-06,7.0,CPI_adj_pct1_diff1_lag1; CoreCPI_adj_pct1_diff1_lag1; DXY_Datastream_pct1; Housing_pct1_lag1; M2MoneySupply_pct1_lag1; T10Y3M_diff1; Yield10Y_diff1
2014-06-01,-0.0005818736974674,7.607558903488445e-05,-3.2944707962462455e-06,7.0,CPI_adj_pct1_diff1_lag1; CoreCPI_adj_pct1_diff1_lag1; DXY_Datastream_pct1; Housing_pct1_lag1; M2MoneySupply_pct1_lag1; T10Y3M_diff1; Yield10Y_diff1
2014-07-01,-0.0001956469195869,9.83800600501522e-05,-4.785654370140972e-06,7.0,CPI_adj_pct1_diff1_lag1; CoreCPI_adj_pct1_diff1_lag1; DXY_Datastream_pct1; Housing_pct1_lag1; M2MoneySupply_pct1_lag1; T10Y3M_diff1; Yield10Y_diff1
2014-08-01,-0.0012854866338725,-0.00025507516779161785,-5.276300296148064e-06,6.0,CPI_adj_pct1_diff1_lag1; DXY_Datastream_pct1; Housing_pct1_lag1; M2MoneySupply_pct1_lag1; T10Y3M_diff1; Yield10Y_diff1
2014-09-01,0.0002315923521805,0.00024745784832230956,-8.558890895061787e-06,6.0,CPI_adj_pct1_diff1_lag1; DXY_Datastream_pct1; Housing_pct1_lag1; M2MoneySupply_pct1_lag1; T10Y3M_diff1; Yield10Y_diff1
2014-10-01,-0.000269504908042,-0.0005338099060242358,-7.944693342438867e-06,6.0,CPI_adj_pct1_diff1_lag1; DXY_Datastream_pct1; Housing_pct1_lag1; M2MoneySupply_pct1_lag1; T10Y3M_diff1; Yield10Y_diff1
2014-11-01,-0.0016847462492247,-0.00022931389097121448,-8.611938788100996e-06,5.0,CPI_adj_pct1_diff1_lag1; DXY_Datastream_pct1; FedFundsRate_diff1; Housing_pct1_lag1; M2MoneySupply_pct1_lag1
2014-12-01,-0.0012019492920932,0.00015075124080970212,-1.2876911588194123e-05,6.0,CPI_adj_pct1_diff1_lag1; DXY_Datastream_pct1; Housing_pct1_lag1; M2MoneySupply_pct1_lag1; T10Y3M_diff1; Yield10Y_diff1
2015-01-01,-0.0032857069972063,6.043787870299577e-05,-1.5894861792521548e-05,6.0,CPI_adj_pct1_diff1_lag1; DXY_Datastream_pct1; FedFundsRate_diff1; Housing_pct1_lag1; M2MoneySupply_pct1_lag1; Unemployment_diff1_lag1
2015-02-01,0.0089049601219829,7.205767842529e-05,-2.4172867198632377e-05,6.0,CPI_adj_pct1_diff1_lag1; DXY_Datastream_pct1; FedFundsRate_diff1; Housing_pct1_lag1; M2MoneySupply_pct1_lag1; Unemployment_diff1_lag1
2015-03-01,0.000159308100595,0.0013182689745017413,-1.6245515693860876e-06,5.0,CPI_adj_pct1_diff1_lag1; DXY_Datastream_pct1; FedFundsRate_diff1; Housing_pct1_lag1; M2MoneySupply_pct1_lag1
2015-04-01,-0.0016514728846535,-0.003248193777030256,-1.2191796495765504e-06,5.0,CPI_adj_pct1_diff1_lag1; DXY_Datastream_pct1; FedFundsRate_diff1; Housing_pct1_lag1; M2MoneySupply_pct1_lag1
2015-05-01,0.0022552664450878,4.387474535760052e-05,-5.365545742551233e-06,6.0,CPI_adj_pct1_diff1_lag1; DXY_Datastream_pct1; Housing_pct1_lag1; M2MoneySupply_pct1_lag1; T10Y3M_diff1; Yield10Y_diff1
2015-06-01,-0.000529824530786,0.0006716845168162902,3.0019859536944754e-07,5.0,CPI_adj_pct1_diff1_lag1; DXY_Datastream_pct1; FedFundsRate_diff1; Housing_pct1_lag1; M2MoneySupply_pct1_lag1
2015-07-01,-0.0011816010302734,-0.0009689482882016913,-1.025113228083984e-06,5.0,CPI_adj_pct1_diff1_lag1; DXY_Datastream_pct1; FedFundsRate_diff1; Housing_pct1_lag1; M2MoneySupply_pct1_lag1
2015-08-01,-0.0015905208607052,0.00010027509051739673,-3.969192821713201e-06,5.0,CPI_adj_pct1_diff1_lag1; DXY_Datastream_pct1; FedFundsRate_diff1; Housing_pct1_lag1; M2MoneySupply_pct1_lag1
2015-09-01,-0.0022433864388596,0.00037437538155638445,-7.915838761721876e-06,5.0,CPI_adj_pct1_diff1_lag1; DXY_Datastream_pct1; FedFundsRate_diff1; Housing_pct1_lag1; M2MoneySupply_pct1_lag1
2015-10-01,0.0032370695360682,0.00032394904861916113,-1.3462912211096264e-05,5.0,CPI_adj_pct1_diff1_lag1; DXY_Datastream_pct1; FedFundsRate_diff1; Housing_pct1_lag1; M2MoneySupply_pct1_lag1
2015-11-01,0.0002051354743601,0.0008673884318533471,-5.417039814365334e-06,5.0,CPI_adj_pct1_diff1_lag1; DXY_Datastream_pct1; FedFundsRate_diff1; Housing_pct1_lag1; M2MoneySupply_pct1_lag1
2015-12-01,-0.0022701709179069,-0.0017779714433471768,-4.897157063317271e-06,5.0,CPI_adj_pct1_diff1_lag1; DXY_Datastream_pct1; FedFundsRate_diff1; Housing_pct1_lag1; M2MoneySupply_pct1_lag1
2016-01-01,0.0006171098637821,0.0007454225818232711,-1.0476649085099496e-05,5.0,CPI_adj_pct1_diff1_lag1; DXY_Datastream_pct1; FedFundsRate_diff1; Housing_pct1_lag1; M2MoneySupply_pct1_lag1
2016-02-01,-0.0008712317605084,0.0007698508581307485,-8.934667481003181e-06,5.0,CPI_adj_pct1_diff1_lag1; DXY_Datastream_pct1; FedFundsRate_diff1; Housing_pct1_lag1; M2MoneySupply_pct1_lag1
2016-03-01,0.0044644715618267,0.00044417214203364917,-1.1048140748227148e-05,5.0,CPI_adj_pct1_diff1_lag1; DXY_Datastream_pct1; FedFundsRate_diff1; Housing_pct1_lag1; M2MoneySupply_pct1_lag1
2016-04-01,0.0006958489230457,0.0011926617578825365,-1.0554978838625159e-07,5.0,CPI_adj_pct1_diff1_lag1; DXY_Datastream_pct1; FedFundsRate_diff1; Housing_pct1_lag1; M2MoneySupply_pct1_lag1
2016-05-01,-0.0014665492919723,-0.0014394667922988688,1.5919001453554222e-06,5.0,CPI_adj_pct1_diff1_lag1; DXY_Datastream_pct1; FedFundsRate_diff1; Housing_pct1_lag1; M2MoneySupply_pct1_lag1
2016-06-01,0.0004118614185093,-0.00030755055406121403,-1.980219543495321e-06,5.0,CPI_adj_pct1_diff1_lag1; DXY_Datastream_pct1; FedFundsRate_diff1; Housing_pct1_lag1; M2MoneySupply_pct1_lag1
2016-07-01,-0.0032796580313061,0.0004242156581737797,-9.75749548221546e-07,5.0,CPI_adj_pct1_diff1_lag1; DXY_Datastream_pct1; FedFundsRate_diff1; Housing_pct1_lag1; M2MoneySupply_pct1_lag1
2016-08-01,0.0023529225293106,-1.2656744117799004e-05,-8.914447567005756e-06,5.0,CPI_adj_pct1_diff1_lag1; DXY_Datastream_pct1; FedFundsRate_diff1; Housing_pct1_lag1; M2MoneySupply_pct1_lag1
2016-09-01,0.0007739880085935,0.0010629493902154466,-3.209527333001877e-06,5.0,CPI_adj_pct1_diff1_lag1; DXY_Datastream_pct1; FedFundsRate_diff1; Housing_pct1_lag1; M2MoneySupply_pct1_lag1
2016-10-01,-0.0002805222964983,-0.0006690607154706268,-1.3367621861910291e-06,5.0,CPI_adj_pct1_diff1_lag1; DXY_Datastream_pct1; FedFundsRate_diff1; Housing_pct1_lag1; M2MoneySupply_pct1_lag1
2016-11-01,-0.0011637397811556,-0.0008217518042488024,-2.007881259056696e-06,6.0,CPI_adj_pct1_diff1_lag1; DXY_Datastream_pct1; Housing_pct1_lag1; M2MoneySupply_pct1_lag1; T10Y3M_diff1; Yield10Y_diff1
2016-12-01,0.001345574442005,0.0002953989496686352,-4.793809076554401e-06,5.0,CPI_adj_pct1_diff1_lag1; DXY_Datastream_pct1; FedFundsRate_diff1; Housing_pct1_lag1; M2MoneySupply_pct1_lag1
2017-01-01,0.0015185545360394,0.0002972993663924867,-1.5632630213353718e-06,5.0,CPI_adj_pct1_diff1_lag1; DXY_Datastream_pct1; FedFundsRate_diff1; Housing_pct1_lag1; M2MoneySupply_pct1_lag1
2017-02-01,-0.0024504193378058,-3.535403513504529e-05,2.06470308620815e-06,5.0,CPI_adj_pct1_diff1_lag1; DXY_Datastream_pct1; FedFundsRate_diff1; Housing_pct1_lag1; M2MoneySupply_pct1_lag1
2017-03-01,-0.0020598589831992,-0.0005175978306543395,-3.774544630201394e-06,4.0,CPI_adj_pct1_diff1_lag1; DXY_Datastream_pct1; FedFundsRate_diff1; M2MoneySupply_pct1_lag1
2017-04-01,0.0017013544479302,0.0012832261395997783,-8.658355648180013e-06,5.0,CPI_adj_pct1_diff1_lag1; DXY_Datastream_pct1; FedFundsRate_diff1; Housing_pct1_lag1; M2MoneySupply_pct1_lag1
2017-05-01,-0.002008130781797,0.0008302146948444546,-4.606192606525084e-06,5.0,CPI_adj_pct1_diff1_lag1; DXY_Datastream_pct1; FedFundsRate_diff1; Housing_pct1_lag1; M2MoneySupply_pct1_lag1
2017-06-01,0.0014256066218815,-0.00020223691066459962,-9.342657356384363e-06,6.0,CPI_adj_pct1_diff1_lag1; DXY_Datastream_pct1; Housing_pct1_lag1; M2MoneySupply_pct1_lag1; T10Y3M_diff1; Yield10Y_diff1
2017-07-01,-0.0003239786902897,0.0007388682429891522,-5.958343018559154e-06,6.0,CPI_adj_pct1_diff1_lag1; DXY_Datastream_pct1; Housing_pct1_lag1; M2MoneySupply_pct1_lag1; T10Y3M_diff1; Yield10Y_diff1
2017-08-01,0.0035209761917527,-0.00029360052018979237,-6.706626188608897e-06,6.0,CPI_adj_pct1_diff1_lag1; DXY_Datastream_pct1; Housing_pct1_lag1; M2MoneySupply_pct1_lag1; T10Y3M_diff1; Yield10Y_diff1
2017-09-01,0.0012577637577095,5.738597515336449e-05,1.5743193934129549e-06,6.0,CPI_adj_pct1_diff1_lag1; DXY_Datastream_pct1; Housing_pct1_lag1; M2MoneySupply_pct1_lag1; T10Y3M_diff1; Yield10Y_diff1
2017-10-01,-0.0043313376759839,-0.0013691612378626628,4.516215033497468e-06,6.0,CPI_adj_pct1_diff1_lag1; DXY_Datastream_pct1; Housing_pct1_lag1; M2MoneySupply_pct1_lag1; T10Y3M_diff1; Yield10Y_diff1
2017-11-01,0.0018929551832378,-0.0006267413048324406,-5.614284711870284e-06,6.0,CPI_adj_pct1_diff1_lag1; DXY_Datastream_pct1; Housing_pct1_lag1; M2MoneySupply_pct1_lag1; T10Y3M_diff1; Yield10Y_diff1
2017-12-01,-0.0005611181834965,0.0018010023992261685,-1.1887148565097468e-06,6.0,CPI_adj_pct1_diff1_lag1; DXY_Datastream_pct1; Housing_pct1_lag1; M2MoneySupply_pct1_lag1; T10Y3M_diff1; Yield10Y_diff1
2018-01-01,0.0021464551187564,-0.0004840917727439966,-2.490876411486468e-06,6.0,CPI_adj_pct1_diff1_lag1; DXY_Datastream_pct1; Housing_pct1_lag1; M2MoneySupply_pct1_lag1; T10Y3M_diff1; Yield10Y_diff1
2018-02-01,-0.0015610567629025,0.00021116923617471215,2.4950771735898332e-06,6.0,CPI_adj_pct1_diff1_lag1; DXY_Datastream_pct1; Housing_pct1_lag1; M2MoneySupply_pct1_lag1; T10Y3M_diff1; Yield10Y_diff1
2018-03-01,-0.002499925189827,-0.0008643185995837086,-1.1242557895492871e-06,6.0,CPI_adj_pct1_diff1_lag1; DXY_Datastream_pct1; Housing_pct1_lag1; M2MoneySupply_pct1_lag1; T10Y3M_diff1; Yield10Y_diff1
2018-04-01,0.0024120442452799,0.0005781382323453708,-6.8951586395203044e-06,6.0,CPI_adj_pct1_diff1_lag1; DXY_Datastream_pct1; Housing_pct1_lag1; M2MoneySupply_pct1_lag1; T10Y3M_diff1; Yield10Y_diff1
2018-05-01,-0.0003464568744637,0.0006579562790932878,-1.321565542931776e-06,6.0,CPI_adj_pct1_diff1_lag1; DXY_Datastream_pct1; Housing_pct1_lag1; M2MoneySupply_pct1_lag1; T10Y3M_diff1; Yield10Y_diff1
2018-06-01,-0.0013568046095033,-0.0013173497275368912,-2.1149800461979087e-06,6.0,CPI_adj_pct1_diff1_lag1; DXY_Datastream_pct1; Housing_pct1_lag1; M2MoneySupply_pct1_lag1; T10Y3M_diff1; Yield10Y_diff1
2018-07-01,-0.0001203246731664,7.287685559198288e-05,-5.222066352292179e-06,6.0,CPI_adj_pct1_diff1_lag1; DXY_Datastream_pct1; Housing_pct1_lag1; M2MoneySupply_pct1_lag1; T10Y3M_diff1; Yield10Y_diff1
2018-08-01,0.001006500271411,0.00012876488170923223,-5.485459045230639e-06,6.0,CPI_adj_pct1_diff1_lag1; DXY_Datastream_pct1; Housing_pct1_lag1; M2MoneySupply_pct1_lag1; T10Y3M_diff1; Yield10Y_diff1
2018-09-01,0.000274960931778,-9.279053522602651e-05,-3.1749893409926696e-06,6.0,CPI_adj_pct1_diff1_lag1; DXY_Datastream_pct1; Housing_pct1_lag1; M2MoneySupply_pct1_lag1; T10Y3M_diff1; Yield10Y_diff1
2018-10-01,0.0002772984423813,-0.00043039426760558945,-2.5414223224983817e-06,5.0,CPI_adj_pct1_diff1_lag1; DXY_Datastream_pct1; M2MoneySupply_pct1_lag1; T10Y3M_diff1; Yield10Y_diff1
2018-11-01,-0.0030437720644899,-0.0005264806240754484,-1.9054226299897659e-06,5.0,CPI_adj_pct1_diff1_lag1; DXY_Datastream_pct1; M2MoneySupply_pct1_lag1; T10Y3M_diff1; Yield10Y_diff1
2018-12-01,0.0013890854645725,-0.0003996433872617621,-8.803079414252603e-06,5.0,CPI_adj_pct1_diff1_lag1; DXY_Datastream_pct1; M2MoneySupply_pct1_lag1; T10Y3M_diff1; Yield10Y_diff1
2019-01-01,-0.0014998733481157,0.0010813054405197067,-5.640435649576691e-06,5.0,CPI_adj_pct1_diff1_lag1; DXY_Datastream_pct1; M2MoneySupply_pct1_lag1; T10Y3M_diff1; Yield10Y_diff1
2019-02-01,0.0038162349458563,-0.00014097767635272272,-9.013421907965231e-06,5.0,CPI_adj_pct1_diff1_lag1; DXY_Datastream_pct1; M2MoneySupply_pct1_lag1; T10Y3M_diff1; Yield10Y_diff1
2019-03-01,0.0007805377749088,0.00045104361492865453,-3.97997656243914e-07,5.0,CPI_adj_pct1_diff1_lag1; DXY_Datastream_pct1; M2MoneySupply_pct1_lag1; T10Y3M_diff1; Yield10Y_diff1
2019-04-01,-2.2113512487154097e-05,-0.0014466843500197148,1.3569141922168585e-06,5.0,CPI_adj_pct1_diff1_lag1; DXY_Datastream_pct1; M2MoneySupply_pct1_lag1; T10Y3M_diff1; Yield10Y_diff1
2019-05-01,-0.0035128461190792,-0.00027879763922238835,1.3042899171510045e-06,6.0,CPI_adj_pct1_diff1_lag1; DXY_Datastream_pct1; Housing_pct1_lag1; M2MoneySupply_pct1_lag1; T10Y3M_diff1; Yield10Y_diff1
2019-06-01,-0.0005719460958925,-0.00017009748829064215,-6.557344107449332e-06,5.0,CPI_adj_pct1_diff1_lag1; DXY_Datastream_pct1; M2MoneySupply_pct1_lag1; T10Y3M_diff1; Yield10Y_diff1
2019-07-01,0.0026329889764108,0.0014352843227469622,-7.819372571255225e-06,5.0,CPI_adj_pct1_diff1_lag1; DXY_Datastream_pct1; M2MoneySupply_pct1_lag1; T10Y3M_diff1; Yield10Y_diff1
2019-08-01,-0.0013931061487473,1.3491935740095838e-05,-1.937839500025704e-06,5.0,CPI_adj_pct1_diff1_lag1; DXY_Datastream_pct1; M2MoneySupply_pct1_lag1; T10Y3M_diff1; Yield10Y_diff1
2019-09-01,0.0006240760823317,-0.0006884624621456841,-5.029324631686314e-06,5.0,CPI_adj_pct1_diff1_lag1; DXY_Datastream_pct1; M2MoneySupply_pct1_lag1; T10Y3M_diff1; Yield10Y_diff1
2019-10-01,0.0012884361994955,0.00031712525762702596,-3.6344124211244816e-06,5.0,CPI_adj_pct1_diff1_lag1; DXY_Datastream_pct1; M2MoneySupply_pct1_lag1; T10Y3M_diff1; Yield10Y_diff1
2019-11-01,-1.1859694218907537e-05,-0.0002692199753938968,-7.758491204239849e-07,5.0,CPI_adj_pct1_diff1_lag1; DXY_Datastream_pct1; M2MoneySupply_pct1_lag1; T10Y3M_diff1; Yield10Y_diff1
2019-12-01,9.679591604538906e-05,-7.800657722624687e-05,-8.003167696480104e-07,5.0,CPI_adj_pct1_diff1_lag1; DXY_Datastream_pct1; M2MoneySupply_pct1_lag1; T10Y3M_diff1; Yield10Y_diff1
2020-01-01,-0.0009905543676653,0.0004297949054423359,-5.85347093843964e-07,5.0,CPI_adj_pct1_diff1_lag1; DXY_Datastream_pct1; M2MoneySupply_pct1_lag1; T10Y3M_diff1; Yield10Y_diff1
2020-02-01,-0.0014469934321172,-0.00012143801800788167,-2.761103183011999e-06,5.0,CPI_adj_pct1_diff1_lag1; DXY_Datastream_pct1; M2MoneySupply_pct1_lag1; T10Y3M_diff1; Yield10Y_diff1
2020-03-01,-0.005003118165858,0.0001295503085907178,-5.928279342955393e-06,5.0,CPI_adj_pct1_diff1_lag1; DXY_Datastream_pct1; M2MoneySupply_pct1_lag1; T10Y3M_diff1; Yield10Y_diff1
2020-04-01,-0.0033917001088825,-0.0007728460972721129,-1.686304933532967e-05,5.0,CPI_adj_pct1_diff1_lag1; DXY_Datastream_pct1; M2MoneySupply_pct1_lag1; T10Y3M_diff1; Yield10Y_diff1
2020-05-01,0.0070218223440853,0.004576753200842431,-2.4231689203336592e-05,5.0,CPI_adj_pct1_diff1_lag1; DXY_Datastream_pct1; M2MoneySupply_pct1_lag1; T10Y3M_diff1; Yield10Y_diff1
2020-06-01,0.0057458244470404,0.007854139161028673,-8.880808956520392e-06,5.0,CPI_adj_pct1_diff1_lag1; DXY_Datastream_pct1; M2MoneySupply_pct1_lag1; T10Y3M_diff1; Yield10Y_diff1
2020-07-01,0.0002489441451019,0.0024046263534701962,3.6294198608642184e-06,5.0,CPI_adj_pct1_diff1_lag1; DXY_Datastream_pct1; M2MoneySupply_pct1_lag1; T10Y3M_diff1; Yield10Y_diff1
2020-08-01,-0.0013651000992114,-0.0005305899398260186,4.1615559242937975e-06,5.0,CPI_adj_pct1_diff1_lag1; DXY_Datastream_pct1; M2MoneySupply_pct1_lag1; T10Y3M_diff1; Yield10Y_diff1
2020-09-01,-0.0011052037472634,0.0003601371854248056,1.1977861079827726e-06,5.0,CPI_adj_pct1_diff1_lag1; DXY_Datastream_pct1; M2MoneySupply_pct1_lag1; T10Y3M_diff1; Yield10Y_diff1
2020-10-01,-0.0013876637077514,0.00013480355138024427,-1.1918500332081188e-06,5.0,CPI_adj_pct1_diff1_lag1; DXY_Datastream_pct1; M2MoneySupply_pct1_lag1; T10Y3M_diff1; Yield10Y_diff1
2020-11-01,0.001035657062232,0.0007475725368962462,-4.179935933462845e-06,5.0,CPI_adj_pct1_diff1_lag1; DXY_Datastream_pct1; M2MoneySupply_pct1_lag1; T10Y3M_diff1; Yield10Y_diff1
2020-12-01,0.0020721767703495,0.0010670009546468557,-1.9437273352575487e-06,5.0,CPI_adj_pct1_diff1_lag1; DXY_Datastream_pct1; M2MoneySupply_pct1_lag1; T10Y3M_diff1; Yield10Y_diff1
2021-01-01,-0.0018963487765679,0.0006247724040772178,2.5071750202891414e-06,5.0,CPI_adj_pct1_diff1_lag1; DXY_Datastream_pct1; M2MoneySupply_pct1_lag1; T10Y3M_diff1; Yield10Y_diff1
2021-02-01,0.0009457153384524,-0.000756858086122279,-1.5588976811844969e-06,5.0,CPI_adj_pct1_diff1_lag1; DXY_Datastream_pct1; M2MoneySupply_pct1_lag1; T10Y3M_diff1; Yield10Y_diff1
2021-03-01,0.0018475335926195,0.0012167633791326184,4.651925669641879e-07,5.0,CPI_adj_pct1_diff1_lag1; DXY_Datastream_pct1; M2MoneySupply_pct1_lag1; T10Y3M_diff1; Yield10Y_diff1
2021-04-01,0.0009954441749342,5.186893059866903e-06,4.403504720594328e-06,5.0,CPI_adj_pct1_diff1_lag1; DXY_Datastream_pct1; M2MoneySupply_pct1_lag1; T10Y3M_diff1; Yield10Y_diff1
2021-05-01,0.0003964064338466,0.0002937926413914059,6.512101891261576e-06,5.0,CPI_adj_pct1_diff1_lag1; DXY_Datastream_pct1; M2MoneySupply_pct1_lag1; T10Y3M_diff1; Yield10Y_diff1
2021-06-01,0.0018267273937215,0.0008000950114693733,7.339903020678429e-06,5.0,CPI_adj_pct1_diff1_lag1; DXY_Datastream_pct1; M2MoneySupply_pct1_lag1; T10Y3M_diff1; Yield10Y_diff1
2021-07-01,-0.0038470398373384,0.00044527852411114263,1.119453753487507e-05,5.0,CPI_adj_pct1_diff1_lag1; DXY_Datastream_pct1; M2MoneySupply_pct1_lag1; T10Y3M_diff1; Yield10Y_diff1
2021-08-01,-0.0017718223786722,-0.0008292408016880928,3.037593824783579e-06,5.0,CPI_adj_pct1_diff1_lag1; DXY_Datastream_pct1; M2MoneySupply_pct1_lag1; T10Y3M_diff1; Yield10Y_diff1
2021-09-01,0.0016825918618053,0.0013871465931495444,-7.068364969400149e-07,5.0,CPI_adj_pct1_diff1_lag1; DXY_Datastream_pct1; M2MoneySupply_pct1_lag1; T10Y3M_diff1; Yield10Y_diff1
2021-10-01,0.005112684865282,0.0007257574378686786,2.836950236327859e-06,5.0,CPI_adj_pct1_diff1_lag1; DXY_Datastream_pct1; M2MoneySupply_pct1_lag1; T10Y3M_diff1; Yield10Y_diff1
2021-11-01,-0.001071939447294,-0.0003890019598563217,1.3571924847768345e-05,6.0,CPI_adj_pct1_diff1_lag1; DXY_Datastream_pct1; Housing_pct1_lag1; M2MoneySupply_pct1_lag1; T10Y3M_diff1; Yield10Y_diff1
2021-12-01,-0.0016610323311327,-0.001578684835903117,1.1296219665081199e-05,6.0,CPI_adj_pct1_diff1_lag1; DXY_Datastream_pct1; Housing_pct1_lag1; M2MoneySupply_pct1_lag1; T10Y3M_diff1; Yield10Y_diff1
2022-01-01,-0.0008591909204043,0.0007287833689685712,7.797624370525173e-06,6.0,CPI_adj_pct1_diff1_lag1; DXY_Datastream_pct1; Housing_pct1_lag1; M2MoneySupply_pct1_lag1; T10Y3M_diff1; Yield10Y_diff1
2022-02-01,0.0008803397171672,0.0008069465449973858,5.987627408573554e-06,5.0,CPI_adj_pct1_diff1_lag1; DXY_Datastream_pct1; M2MoneySupply_pct1_lag1; T10Y3M_diff1; Yield10Y_diff1
2022-03-01,0.0042300354151734,0.0005815464110595775,7.809194262237369e-06,5.0,CPI_adj_pct1_diff1_lag1; DXY_Datastream_pct1; M2MoneySupply_pct1_lag1; T10Y3M_diff1; Yield10Y_diff1
2022-04-01,-0.0080730634692636,-0.0005898994412082115,1.658721135352877e-05,5.0,CPI_adj_pct1_diff1_lag1; DXY_Datastream_pct1; M2MoneySupply_pct1_lag1; T10Y3M_diff1; Yield10Y_diff1
2022-05-01,0.0064016449464852,-0.002089034395221247,-1.962962826063535e-07,5.0,CPI_adj_pct1_diff1_lag1; DXY_Datastream_pct1; M2MoneySupply_pct1_lag1; T10Y3M_diff1; Yield10Y_diff1
2022-06-01,0.0030760237464424,0.0026237544221531903,1.305803341256509e-05,5.0,CPI_adj_pct1_diff1_lag1; DXY_Datastream_pct1; M2MoneySupply_pct1_lag1; T10Y3M_diff1; Yield10Y_diff1
2022-07-01,-0.012710194272827,-0.0025637451796608427,1.9386474968411854e-05,4.0,CPI_adj_pct1_diff1_lag1; DXY_Datastream_pct1; FedFundsRate_diff1; M2MoneySupply_pct1_lag1
2022-08-01,0.000773087101387,-0.0019155326617358544,-6.860083274465282e-06,4.0,CPI_adj_pct1_diff1_lag1; DXY_Datastream_pct1; Housing_pct1_lag1; M2MoneySupply_pct1_lag1
2022-09-01,0.003618759933317,0.003190962127623341,-5.255253676396424e-06,4.0,CPI_adj_pct1_diff1_lag1; DXY_Datastream_pct1; Housing_pct1_lag1; M2MoneySupply_pct1_lag1
2022-10-01,0.0013520820847015,-0.0009873660983301569,2.1862559478199966e-06,4.0,CPI_adj_pct1_diff1_lag1; DXY_Datastream_pct1; Housing_pct1_lag1; M2MoneySupply_pct1_lag1
2022-11-01,-0.0029807222767019,-0.0020561316416446767,4.9524359247742505e-06,4.0,CPI_adj_pct1_diff1_lag1; DXY_Datastream_pct1; Housing_pct1_lag1; M2MoneySupply_pct1_lag1
2022-12-01,-0.0024600762129463,-0.0006921257581343511,-1.1532383341760035e-06,4.0,CPI_adj_pct1_diff1_lag1; DXY_Datastream_pct1; Housing_pct1_lag1; M2MoneySupply_pct1_lag1
2023-01-01,0.0051600662512991,0.0005090812669770383,-6.171448486445645e-06,4.0,CPI_adj_pct1_diff1_lag1; DXY_Datastream_pct1; Housing_pct1_lag1; M2MoneySupply_pct1_lag1
2023-02-01,-0.0018854892080431,0.00026456829993128745,4.350420555887443e-06,6.0,CPI_adj_pct1_diff1_lag1; DXY_Datastream_pct1; Housing_pct1_lag1; M2MoneySupply_pct1_lag1; T10Y3M_diff1; Yield10Y_diff1
2023-03-01,-0.0021978151912029,-0.0024822976455379365,5.092830993854364e-07,6.0,CPI_adj_pct1_diff1_lag1; DXY_Datastream_pct1; Housing_pct1_lag1; M2MoneySupply_pct1_lag1; T10Y3M_diff1; Yield10Y_diff1
2023-04-01,0.002162021209755,0.0003951978014872116,-3.949792913398104e-06,6.0,CPI_adj_pct1_diff1_lag1; DXY_Datastream_pct1; Housing_pct1_lag1; M2MoneySupply_pct1_lag1; T10Y3M_diff1; Yield10Y_diff1
2023-05-01,-0.0017780520238104,-0.0007028167415052673,4.347637721654548e-07,6.0,CPI_adj_pct1_diff1_lag1; DXY_Datastream_pct1; Housing_pct1_lag1; M2MoneySupply_pct1_lag1; T10Y3M_diff1; Yield10Y_diff1
2023-06-01,0.0006270659334943,-0.00206721900140544,-3.158138829011445e-06,6.0,CPI_adj_pct1_diff1_lag1; DXY_Datastream_pct1; Housing_pct1_lag1; M2MoneySupply_pct1_lag1; T10Y3M_diff1; Yield10Y_diff1
2023-07-01,-0.0002846066044792,0.0008194703057667495,-1.8875257799725147e-06,6.0,CPI_adj_pct1_diff1_lag1; DXY_Datastream_pct1; Housing_pct1_lag1; M2MoneySupply_pct1_lag1; T10Y3M_diff1; Yield10Y_diff1
2023-08-01,0.002878560704731,-0.0008505290242910086,-2.4563770449608996e-06,4.0,CPI_adj_pct1_diff1_lag1; DXY_Datastream_pct1; Housing_pct1_lag1; M2MoneySupply_pct1_lag1
2023-09-01,-0.0009347919741193,-0.0005717525981935015,3.328797818043038e-06,6.0,CPI_adj_pct1_diff1_lag1; DXY_Datastream_pct1; Housing_pct1_lag1; M2MoneySupply_pct1_lag1; T10Y3M_diff1; Yield10Y_diff1
2023-10-01,-0.0025340660937935,-0.002058216978318233,1.448796271074415e-06,6.0,CPI_adj_pct1_diff1_lag1; DXY_Datastream_pct1; Housing_pct1_lag1; M2MoneySupply_pct1_lag1; T10Y3M_diff1; Yield10Y_diff1
2023-11-01,0.0001021330250448,-0.0002810878346895131,-3.622233509054734e-06,6.0,CPI_adj_pct1_diff1_lag1; DXY_Datastream_pct1; Housing_pct1_lag1; M2MoneySupply_pct1_lag1; T10Y3M_diff1; Yield10Y_diff1
2023-12-01,0.0004554175914421,0.0007051959540716519,-3.4111451686278786e-06,6.0,CPI_adj_pct1_diff1_lag1; DXY_Datastream_pct1; Housing_pct1_lag1; M2MoneySupply_pct1_lag1; T10Y3M_diff1; Yield10Y_diff1
2024-01-01,0.0011752855332514,3.577799880147086e-05,-2.497143701275831e-06,6.0,CPI_adj_pct1_diff1_lag1; DXY_Datastream_pct1; Housing_pct1_lag1; M2MoneySupply_pct1_lag1; T10Y3M_diff1; Yield10Y_diff1
2024-02-01,0.0009978546874034,-0.0006834193807037827,-1.5562744490868222e-07,4.0,CPI_adj_pct1_diff1_lag1; DXY_Datastream_pct1; Housing_pct1_lag1; M2MoneySupply_pct1_lag1
2024-03-01,0.0003337981892166,-0.0008066394855015459,1.8245517512189123e-06,6.0,CPI_adj_pct1_diff1_lag1; DXY_Datastream_pct1; Housing_pct1_lag1; M2MoneySupply_pct1_lag1; T10Y3M_diff1; Yield10Y_diff1
2024-04-01,-0.0022606617179041,-0.00025986587035711523,2.4819252907543256e-06,4.0,CPI_adj_pct1_diff1_lag1; DXY_Datastream_pct1; Housing_pct1_lag1; M2MoneySupply_pct1_lag1
2024-05-01,-0.0016850893345616,-0.000754153767315212,-1.990690604887679e-06,4.0,CPI_adj_pct1_diff1_lag1; DXY_Datastream_pct1; Housing_pct1_lag1; M2MoneySupply_pct1_lag1
2024-06-01,-0.0009038838006635,0.0005120919561450522,-5.310411796123798e-06,4.0,CPI_adj_pct1_diff1_lag1; DXY_Datastream_pct1; Housing_pct1_lag1; M2MoneySupply_pct1_lag1
2024-07-01,0.0020953770178032,0.00018893402918296705,-7.079257049799735e-06,4.0,CPI_adj_pct1_diff1_lag1; DXY_Datastream_pct1; Housing_pct1_lag1; M2MoneySupply_pct1_lag1
2024-08-01,-0.0001048587943406,0.0002572706668440143,-2.948694623762407e-06,6.0,CPI_adj_pct1_diff1_lag1; DXY_Datastream_pct1; Housing_pct1_lag1; M2MoneySupply_pct1_lag1; T10Y3M_diff1; Yield10Y_diff1
2024-09-01,0.0005611149858317,-0.0007986673637311168,-3.148518348697383e-06,4.0,CPI_adj_pct1_diff1_lag1; DXY_Datastream_pct1; Housing_pct1_lag1; M2MoneySupply_pct1_lag1
2024-10-01,0.0007230617299514,-5.828736929220876e-05,-2.0442844853306563e-06,4.0,CPI_adj_pct1_diff1_lag1; DXY_Datastream_pct1; FedFundsRate_diff1; M2MoneySupply_pct1_lag1
2024-11-01,-1.4472286356870256e-05,-0.0006304693863887352,-6.280618008839122e-07,3.0,CPI_adj_pct1_diff1_lag1; DXY_Datastream_pct1; M2MoneySupply_pct1_lag1
2024-12-01,0.0005574571356166,-0.0005925348413444852,-6.550485933907218e-07,3.0,CPI_adj_pct1_diff1_lag1; DXY_Datastream_pct1; M2MoneySupply_pct1_lag1
2025-01-01,0.0008732329050002,-0.00022437712084814597,4.3077277666762575e-07,3.0,CPI_adj_pct1_diff1_lag1; DXY_Datastream_pct1; M2MoneySupply_pct1_lag1
2025-02-01,-0.0020215573070134,-0.000442777377482985,2.1255341984608926e-06,3.0,CPI_adj_pct1_diff1_lag1; DXY_Datastream_pct1; M2MoneySupply_pct1_lag1
2025-03-01,-0.0019194762880736,-0.00037165845770432884,-1.7963317728799234e-06,3.0,CPI_adj_pct1_diff1_lag1; DXY_Datastream_pct1; M2MoneySupply_pct1_lag1
2025-04-01,0.0012851286090416,0.0008570598357229205,-5.505577336324256e-06,3.0,CPI_adj_pct1_diff1_lag1; DXY_Datastream_pct1; M2MoneySupply_pct1_lag1
2025-05-01,-0.0006238981951558,0.0010401518024656274,-3.014005547949885e-06,3.0,CPI_adj_pct1_diff1_lag1; DXY_Datastream_pct1; M2MoneySupply_pct1_lag1
2025-06-01,0.001549136939229,-0.000499716743010802,-4.210314198446706e-06,3.0,CPI_adj_pct1_diff1_lag1; DXY_Datastream_pct1; M2MoneySupply_pct1_lag1
2025-07-01,-0.0002584400865717,0.0002898297160961982,-1.2231079418554566e-06,3.0,CPI_adj_pct1_diff1_lag1; DXY_Datastream_pct1; M2MoneySupply_pct1_lag1
2025-08-01,0.0011991343169088,-0.000862158072036445,-1.7168065572678259e-06,3.0,CPI_adj_pct1_diff1_lag1; DXY_Datastream_pct1; M2MoneySupply_pct1_lag1
2025-09-01,-0.0005317423831625,0.0002699945604854038,5.836745221690851e-07,4.0,CPI_adj_pct1_diff1_lag1; DXY_Datastream_pct1; Housing_pct1_lag1; M2MoneySupply_pct1_lag1
2026-03-01,0.0059814076015174,0.00022164050333787832,-4.341573280884084e-07,4.0,CPI_adj_pct1_diff1_lag1; DXY_Datastream_pct1; Housing_pct1_lag1; M2MoneySupply_pct1_lag1
2026-04-01,-0.002251060497278,-0.00026589399893719437,1.0981571219326648e-05,4.0,CPI_adj_pct1_diff1_lag1; DXY_Datastream_pct1; Housing_pct1_lag1; M2MoneySupply_pct1_lag1
